fish_id,length,weight,gut_length,parasite,parasite_n,parasite_weight,eggs,sex,site,site.pull,basin,lake/shore,Station,NR.2,NR.3,Gap,tanypodinae,orthocladinae,chironominii,tanytarsini,unknown larvae,adult_fly,Alona rectangula,Alona affinis/quad,Unknown alona,alonella nana,macrothrix hirsuticornix,acroperus harpae,daphnia longispina,resting eggs,Copepods_adult,Copepods_nauplii,ostracod,snail,bivalve,stickleback eggs,Fullness,Algae A,Parasite,Unknow,total_nr,hlutf.tanypodinae,hlutf.orthocladinae,hlutf.chironominii,hlutf.tanytarsini,hlutf.unknown larvae,hlutf.adult_fly,hlutf.Alona rectangula,hlutf.Alona affinis/quad,hlutf.Unknown alona,hlutf.alonella nana,hlutf.macrothrix hirsuticornix,hlutf.acroperus harpae,hlutf.daphnia longispina,hlutf.resting eggs,hlutf.Copepods_adult,hlutf.Copepods_nauplii,hlutf.ostracod,hlutf.snail,hlutf.bivalve,hlutf.stickleback eggs,pull.hlutf.chironomidae?,pull.hlutf.adult_fly,pull.hlutf.alona,pull.hlutf.various_cladocera,pull.hlutf.copepods,pull.hlutf.ostracod,pull.hlutf.snail,pull.hlutf.bivalve,pull.hlutf.stickleback.eggs
RG210001,69,2.52,34,0,0,0,1,F,GS,GS,North,Shore,Shore,1.338,1.366,0.187,0,0,0,0,0,5,0,1,0,0,0,0,0,0,0,0,0,0,0,2,2,0,0,0,8,0,0,0,0,0,0.625,0,0.125,0,0,0,0,0,0,0,0,0,0,0,0.25,0,0.625,0.125,0,0,0,0,0,0.25
RG210002,64,2.99,34,1,7,0.41,0,F,GS,GS,North,Shore,Shore,1.613,1.668,0.297,1,1,0,1,0,1,0,1,1,0,0,0,0,0,8,0,0,0,0,0,1,0,0,0,14,0.071428571,0.071428571,0,0.071428571,0,0.071428571,0,0.071428571,0.071428571,0,0,0,0,0,0.571428571,0,0,0,0,0,0.214285714,0.071428571,0.142857143,0,0.571428571,0,0,0,0
RG210003,61,2.42,45,1,1,0.0035,0,F,GS,GS,North,Shore,Shore,1.723,1.714,0.212,1,0,22,0,0,5,0,0,0,0,0,0,0,0,0,0,0,0,0,0,2,0,0,0,28,0.035714286,0,0.785714286,0,0,0.178571429,0,0,0,0,0,0,0,0,0,0,0,0,0,0,0.821428571,0.178571429,0,0,0,0,0,0,0
RG210004,47,0.81,,0,0,0,0,F,GS,GS,North,Shore,Shore,1.383,1.481,0.129,0,5,27,0,0,4,3,0,0,0,0,0,0,0,0,0,0,0,0,0,2,0,0,0,39,0,0.128205128,0.692307692,0,0,0.102564103,0.076923077,0,0,0,0,0,0,0,0,0,0,0,0,0,0.820512821,0.102564103,0.076923077,0,0,0,0,0,0
RG210005,50,1.62,31,1,1,0.25,0,M,GS,GS,North,Shore,Shore,1.351,1.242,0.128,,,,,,,,,,,,,,,,,,,,,,,,,,,,,,,,,,,,,,,,,,,,,,,,,,,,,,
RG210006,60,2.48,34,1,2,0.45,0,M,GS,GS,North,Shore,Shore,1.566,1.395,0.266,,,,,,,,,,,,,,,,,,,,,,,,,,,,,,,,,,,,,,,,,,,,,,,,,,,,,,
RG210007,48,0.65,25,0,0,0,1,F,GS,GS,North,Shore,Shore,1.108,1.129,0.116,,,,,,,,,,,,,,,,,,,,,,,,,,,,,,,,,,,,,,,,,,,,,,,,,,,,,,
RG210008,58,1.47,25,0,0,0,0,F,GS,GS,North,Shore,Shore,1.570,1.533,0.205,0,4,0,0,0,5,0,1,0,0,0,0,0,0,0,0,0,0,0,0,1,0,0,0,10,0,0.4,0,0,0,0.5,0,0.1,0,0,0,0,0,0,0,0,0,0,0,0,0.4,0.5,0.1,0,0,0,0,0,0
RG210009,48,0.7,28,0,0,0,0,F,GS,GS,North,Shore,Shore,1.087,0.946,0.162,0,4,1,0,0,13,0,0,0,0,0,0,0,0,3,0,0,0,0,0,2,0,0,0,21,0,0.19047619,0.047619048,0,0,0.619047619,0,0,0,0,0,0,0,0,0.142857143,0,0,0,0,0,0.238095238,0.619047619,0,0,0.142857143,0,0,0,0
RG210010,58,1.48,30,0,0,0,0,M,GS,GS,North,Shore,Shore,1.593,1.463,0.212,,,,,,,,,,,,,,,,,,,,,,,,,,,,,,,,,,,,,,,,,,,,,,,,,,,,,,
RG210011,65,2.8,14,1,4,0.56,0,M,GS,GS,North,Shore,Shore,1.237,1.255,0.264,,,,,,,,,,,,,,,,,,,,,,,,,,,,,,,,,,,,,,,,,,,,,,,,,,,,,,
RG210012,46,0.77,25,0,0,0,0,M,GS,GS,North,Shore,Shore,1.179,1.151,0.201,0,1,0,0,0,1,1,3,3,0,0,0,0,0,38,2,0,0,0,0,2,0,0,0,49,0,0.020408163,0,0,0,0.020408163,0.020408163,0.06122449,0.06122449,0,0,0,0,0,0.775510204,0.040816327,0,0,0,0,0.020408163,0.020408163,0.142857143,0,0.816326531,0,0,0,0
RG210013,57,1.4,14,0,0,0,0,F,GS,GS,North,Shore,Shore,1.237,1.268,0.099,,,,,,,,,,,,,,,,,,,,,,,,,,,,,,,,,,,,,,,,,,,,,,,,,,,,,,
RG210014,49,0.95,19,0,0,0,0,F,GS,GS,North,Shore,Shore,1.103,1.267,0.090,0,2,0,0,0,13,0,0,0,0,0,0,0,0,0,0,0,0,0,2,2,0,0,0,17,0,0.117647059,0,0,0,0.764705882,0,0,0,0,0,0,0,0,0,0,0,0,0,0.117647059,0.117647059,0.764705882,0,0,0,0,0,0,0.117647059
RG210015,46,0.78,18,0,0,0,0,F,GS,GS,North,Shore,Shore,1.307,1.249,0.142,1,3,0,0,0,2,0,0,0,0,0,0,0,0,0,0,0,0,0,5,2,0,0,0,11,0.090909091,0.272727273,0,0,0,0.181818182,0,0,0,0,0,0,0,0,0,0,0,0,0,0.454545455,0.363636364,0.181818182,0,0,0,0,0,0,0.454545455
RG210016,56,1.25,27,0,0,0,0,F,GS,GS,North,Shore,Shore,1.011,1.003,0.118,0,10,0,0,1,1,4,0,6,0,0,0,0,0,10,0,2,0,0,0,1,0,0,0,34,0,0.294117647,0,0,0.029411765,0.029411765,0.117647059,0,0.176470588,0,0,0,0,0,0.294117647,0,0.058823529,0,0,0,0.323529412,0.029411765,0.294117647,0,0.294117647,0.058823529,0,0,0
RG210017,60,2.09,30,1,1,0.32,0,M,GS,GS,North,Shore,Shore,1.418,1.019,0.173,,,,,,,,,,,,,,,,,,,,,,,,,,,,,,,,,,,,,,,,,,,,,,,,,,,,,,
RG210018,68,3.5,41,1,3,0.6,0,F,GS,GS,North,Shore,Shore,1.653,1.549,0.352,,,,,,,,,,,,,,,,,,,,,,,,,,,,,,,,,,,,,,,,,,,,,,,,,,,,,,
RG210019,52,1.06,21,0,0,0,0,F,GS,GS,North,Shore,Shore,1.140,1.157,0.149,0,0,0,0,0,4,0,0,0,0,0,0,0,0,0,0,0,0,0,3,1,0,0,0,7,0,0,0,0,0,0.571428571,0,0,0,0,0,0,0,0,0,0,0,0,0,0.428571429,0,0.571428571,0,0,0,0,0,0,0.428571429
RG210020,51,2.34,26,1,6,0.66,0,F,GS,GS,North,Shore,Shore,1.442,1.502,0.208,0,0,3,0,0,2,0,1,5,0,0,0,0,0,13,0,0,0,0,0,2,0,11,0,24,0,0,0.125,0,0,0.083333333,0,0.041666667,0.208333333,0,0,0,0,0,0.541666667,0,0,0,0,0,0.125,0.083333333,0.25,0,0.541666667,0,0,0,0
RG210021,47,0.93,28,0,0,0,0,M,GS,GS,North,Shore,Shore,1.055,1.197,0.118,,,,,,,,,,,,,,,,,,,,,,,,,,,,,,,,,,,,,,,,,,,,,,,,,,,,,,
RG210022,50,0.87,21,0,0,0,0,M,GS,GS,North,Shore,Shore,1.063,1.207,0.155,,,,,,,,,,,,,,,,,,,,,,,,,,,,,,,,,,,,,,,,,,,,,,,,,,,,,,
RG210023,57,1.44,29,0,0,0,0,F,GS,GS,North,Shore,Shore,1.278,1.404,0.153,0,1,12,0,0,6,0,0,0,0,0,0,0,0,2,0,0,0,0,0,2,0,0,0,21,0,0.047619048,0.571428571,0,0,0.285714286,0,0,0,0,0,0,0,0,0.095238095,0,0,0,0,0,0.619047619,0.285714286,0,0,0.095238095,0,0,0,0
RG210024,48,1.1,,0,0,0,0,M,GS,GS,North,Shore,Shore,1.223,1.197,0.098,,,,,,,,,,,,,,,,,,,,,,,,,,,,,,,,,,,,,,,,,,,,,,,,,,,,,,
RG210025,59,1.56,35,1,1,0.07,0,M,GS,GS,North,Shore,Shore,1.323,1.344,0.321,0,0,1,0,0,8,0,0,0,0,0,0,0,0,0,0,0,0,0,0,2,0,0,0,9,0,0,0.111111111,0,0,0.888888889,0,0,0,0,0,0,0,0,0,0,0,0,0,0,0.111111111,0.888888889,0,0,0,0,0,0,0
RG210026,54,1.22,21,0,0,0,0,F,GS,GS,North,Shore,Shore,1.045,1.223,0.164,2,0,4,0,0,13,0,0,2,1,0,0,0,0,0,0,0,0,0,4,2,0,0,0,26,0.076923077,0,0.153846154,0,0,0.5,0,0,0.076923077,0.038461538,0,0,0,0,0,0,0,0,0,0.153846154,0.230769231,0.5,0.076923077,0.038461538,0,0,0,0,0.153846154
RG210027,52,1.03,20,0,0,0,0,M,GS,GS,North,Shore,Shore,1.357,1.327,0.149,0,0,0,0,0,6,0,0,0,0,0,0,0,0,0,0,0,0,0,0,1,0,0,0,6,0,0,0,0,0,1,0,0,0,0,0,0,0,0,0,0,0,0,0,0,0,1,0,0,0,0,0,0,0
RG210028,57,1.27,26,0,0,0,0,F,GS,GS,North,Shore,Shore,1.100,1.241,0.258,0,1,2,0,0,0,0,0,0,0,0,0,0,0,0,0,0,0,0,0,1,0,0,0,3,0,0.333333333,0.666666667,0,0,0,0,0,0,0,0,0,0,0,0,0,0,0,0,0,1,0,0,0,0,0,0,0,0
RG210029,56,1.54,31,0,0,0,0,F,GS,GS,North,Shore,Shore,1.092,1.010,0.161,6,85,0,0,0,6,0,0,0,0,0,0,0,0,0,0,12,0,0,6,2,0,0,0,115,0.052173913,0.739130435,0,0,0,0.052173913,0,0,0,0,0,0,0,0,0,0,0.104347826,0,0,0.052173913,0.791304348,0.052173913,0,0,0,0.104347826,0,0,0.052173913
RG210030,52,1.09,32,0,0,0,0,M,GS,GS,North,Shore,Shore,1.295,1.146,0.160,,,,,,,,,,,,,,,,,,,,,,,,,,,,,,,,,,,,,,,,,,,,,,,,,,,,,,
RG210031,53,1.02,26,0,0,0,0,F,GS,GS,North,Shore,Shore,1.064,1.148,0.144,0,1,0,0,0,10,0,0,0,0,0,0,0,0,0,0,0,0,0,0,1,0,0,0,11,0,0.090909091,0,0,0,0.909090909,0,0,0,0,0,0,0,0,0,0,0,0,0,0,0.090909091,0.909090909,0,0,0,0,0,0,0
RG210032,65,2.2,22,0,0,0,0,F,GS,GS,North,Shore,Shore,1.540,1.426,0.253,0,1,4,0,0,0,0,0,0,0,0,0,0,0,1,0,0,0,0,0,2,0,0,0,6,0,0.166666667,0.666666667,0,0,0,0,0,0,0,0,0,0,0,0.166666667,0,0,0,0,0,0.833333333,0,0,0,0.166666667,0,0,0,0
RG210033,51,0.98,26,0,0,0,0,M,GS,GS,North,Shore,Shore,1.372,1.157,0.122,2,0,1,0,0,11,3,0,3,0,0,0,0,0,12,0,0,0,0,0,2,0,0,0,32,0.0625,0,0.03125,0,0,0.34375,0.09375,0,0.09375,0,0,0,0,0,0.375,0,0,0,0,0,0.09375,0.34375,0.1875,0,0.375,0,0,0,0
RG210034,64,2.2,24,0,0,0,1,F,GS,GS,North,Shore,Shore,,,,,,,,,,,,,,,,,,,,,,,,,,,,,,,,,,,,,,,,,,,,,,,,,,,,,,,,,
RG210035,72,2.59,,0,0,0,0,F,GS,GS,North,Shore,Shore,1.371,1.690,0.219,,,,,,,,,,,,,,,,,,,,,,,,,,,,,,,,,,,,,,,,,,,,,,,,,,,,,,
RG210036,41,0.75,16,0,0,0,0,M,GS,GS,North,Shore,Shore,1.102,1.203,0.124,,,,,,,,,,,,,,,,,,,,,,,,,,,,,,,,,,,,,,,,,,,,,,,,,,,,,,
RG210037,54,1.29,20,0,0,0,0,M,GS,GS,North,Shore,Shore,1.093,1.065,0.274,0,0,0,0,0,9,0,0,0,0,0,0,0,0,0,0,0,0,0,18,3,0,0,0,27,0,0,0,0,0,0.333333333,0,0,0,0,0,0,0,0,0,0,0,0,0,0.666666667,0,0.333333333,0,0,0,0,0,0,0.666666667
RG210038,42,0.83,22,0,0,0,0,F,GS,GS,North,Shore,Shore,0.808,0.811,0.204,,,,,,,,,,,,,,,,,,,,,,,,,,,,,,,,,,,,,,,,,,,,,,,,,,,,,,
RG210039,44,0.6,22,0,0,0,0,F,GS,GS,North,Shore,Shore,,,,0,0,0,0,0,11,0,0,0,0,0,0,0,0,0,0,0,1,0,0,1,0,0,0,12,0,0,0,0,0,0.916666667,0,0,0,0,0,0,0,0,0,0,0,0.083333333,0,0,0,0.916666667,0,0,0,0,0.083333333,0,0
RG210040,46,0.82,14,0,0,0,0,M,GS,GS,North,Shore,Shore,1.157,1.194,0.166,3,15,1,0,0,9,3,0,7,0,0,0,0,0,9,1,0,0,0,0,2,0,7,0,48,0.0625,0.3125,0.020833333,0,0,0.1875,0.0625,0,0.145833333,0,0,0,0,0,0.1875,0.020833333,0,0,0,0,0.395833333,0.1875,0.208333333,0,0.208333333,0,0,0,0
RG210041,50,1.36,23,0,0,0,0,M,GS,GS,North,Shore,Shore,1.324,1.401,0.133,,,,,,,,,,,,,,,,,,,,,,,,,,,,,,,,,,,,,,,,,,,,,,,,,,,,,,
RG210042,63,2.11,27,0,0,0,1,F,GS,GS,North,Shore,Shore,1.096,1.086,0.157,0,1,0,0,0,0,0,0,0,0,0,0,0,0,0,0,0,0,0,36,2,0,0,0,37,0,0.027027027,0,0,0,0,0,0,0,0,0,0,0,0,0,0,0,0,0,0.972972973,0.027027027,0,0,0,0,0,0,0,0.972972973
RG210043,51,1.13,16,0,0,0,0,M,GS,GS,North,Shore,Shore,1.448,1.330,0.247,,,,,,,,,,,,,,,,,,,,,,,,,,,,,,,,,,,,,,,,,,,,,,,,,,,,,,
RG210044,70,3.2,31,1,3,0.23,1,F,GS,GS,North,Shore,Shore,1.352,1.210,0.287,0,0,1,0,0,0,1,1,0,0,0,0,0,0,0,0,0,0,0,18,3,0,0,8,21,0,0,0.047619048,0,0,0,0.047619048,0.047619048,0,0,0,0,0,0,0,0,0,0,0,0.857142857,0.047619048,0,0.095238095,0,0,0,0,0,0.857142857
RG210045,48,0.82,22,0,0,0,0,F,GS,GS,North,Shore,Shore,,,,,,,,,,,,,,,,,,,,,,,,,,,,,,,,,,,,,,,,,,,,,,,,,,,,,,,,,
RG210046,49,0.88,,0,0,0,0,F,GS,GS,North,Shore,Shore,1.373,1.277,0.134,,,,,,,,,,,,,,,,,,,,,,,,,,,,,,,,,,,,,,,,,,,,,,,,,,,,,,
RG210047,48,0.87,23,0,0,0,0,F,GS,GS,North,Shore,Shore,1.002,1.045,0.126,,,,,,,,,,,,,,,,,,,,,,,,,,,,,,,,,,,,,,,,,,,,,,,,,,,,,,
RG210048,55,1.34,33,0,0,0,1,F,GS,GS,North,Shore,Shore,1.127,1.165,0.183,0,1,1,0,0,0,0,0,1,0,0,0,0,0,0,0,0,0,0,0,1,0,0,0,3,0,0.333333333,0.333333333,0,0,0,0,0,0.333333333,0,0,0,0,0,0,0,0,0,0,0,0.666666667,0,0.333333333,0,0,0,0,0,0
RG210049,53,1.07,28,0,0,0,0,F,GS,GS,North,Shore,Shore,1.418,1.579,0.149,0,7,0,0,0,1,0,2,2,0,0,0,0,0,116,0,1,0,0,0,3,0,0,0,129,0,0.054263566,0,0,0,0.007751938,0,0.015503876,0.015503876,0,0,0,0,0,0.899224806,0,0.007751938,0,0,0,0.054263566,0.007751938,0.031007752,0,0.899224806,0.007751938,0,0,0
RG210050,60,2.5,37,1,2,0.49,0,M,GS,GS,North,Shore,Shore,1.295,1.396,0.254,0,0,10,0,0,13,0,1,0,0,0,0,0,0,0,0,0,0,0,6,3,0,0,0,30,0,0,0.333333333,0,0,0.433333333,0,0.033333333,0,0,0,0,0,0,0,0,0,0,0,0.2,0.333333333,0.433333333,0.033333333,0,0,0,0,0,0.2
RG210051,55,1.64,37,1,1,0.08,0,M,NS,NS,North,Shore,Shore,1.298,1.350,0.207,,,,,,,,,,,,,,,,,,,,,,,,,,,,,,,,,,,,,,,,,,,,,,,,,,,,,,
RG210052,64,3.41,45,0,0,0,1,F,NS,NS,North,Shore,Shore,1.582,1.785,0.219,,,,,,,,,,,,,,,,,,,,,,,,,,,,,,,,,,,,,,,,,,,,,,,,,,,,,,
RG210053,44,1.1,26,0,0,0,0,M,NS,NS,North,Shore,Shore,1.491,1.610,0.201,,,,,,,,,,,,,,,,,,,,,,,,,,,,,,,,,,,,,,,,,,,,,,,,,,,,,,
RG210054,55,1.36,29,1,3,0.19,0,M,NS,NS,North,Shore,Shore,1.222,1.227,0.242,22,79,0,0,2,20,0,0,0,0,0,0,0,0,0,0,0,0,0,0,2,0,0,0,123,0.178861789,0.642276423,0,0,0.016260163,0.162601626,0,0,0,0,0,0,0,0,0,0,0,0,0,0,0.837398374,0.162601626,0,0,0,0,0,0,0
RG210055,51,1.3,25,0,0,0,0,M,NS,NS,North,Shore,Shore,1.312,1.267,0.210,,,,,,,,,,,,,,,,,,,,,,,,,,,,,,,,,,,,,,,,,,,,,,,,,,,,,,
RG210056,42,0.88,22,0,0,0,0,F,NS,NS,North,Shore,Shore,0.976,0.997,0.118,0,0,0,0,0,0,0,0,0,0,0,0,0,0,0,0,0,0,0,0,1,0,0,0,0,0,0,0,0,0,0,0,0,0,0,0,0,0,0,0,0,0,0,0,0,0,0,0,0,0,0,0,0,0
RG210057,60,2.04,28,0,0,0,0,M,NS,NS,North,Shore,Shore,1.894,1.977,0.189,,,,,,,,,,,,,,,,,,,,,,,,,,,,,,,,,,,,,,,,,,,,,,,,,,,,,,
RG210058,57,1.47,27,0,0,0,0,F,NS,NS,North,Shore,Shore,1.347,1.353,0.138,,,,,,,,,,,,,,,,,,,,,,,,,,,,,,,,,,,,,,,,,,,,,,,,,,,,,,
RG210059,53,1.47,32,0,0,0,0,M,NS,NS,North,Shore,Shore,1.141,1.292,0.236,,,,,,,,,,,,,,,,,,,,,,,,,,,,,,,,,,,,,,,,,,,,,,,,,,,,,,
RG210060,56,1.45,31,0,0,0,0,M,NS,NS,North,Shore,Shore,1.536,1.660,0.140,0,0,11,0,0,2,0,0,0,0,0,0,0,0,0,0,0,0,0,0,2,0,0,0,13,0,0,0.846153846,0,0,0.153846154,0,0,0,0,0,0,0,0,0,0,0,0,0,0,0.846153846,0.153846154,0,0,0,0,0,0,0
RG210061,65,2.18,42,0,0,0,0,F,NS,NS,North,Shore,Shore,1.415,1.240,0.308,0,46,0,0,0,4,0,0,0,0,0,0,0,0,0,0,0,0,0,0,4,0,0,0,50,0,0.92,0,0,0,0.08,0,0,0,0,0,0,0,0,0,0,0,0,0,0,0.92,0.08,0,0,0,0,0,0,0
RG210062,65,2,44,0,0,0,0,F,NS,NS,North,Shore,Shore,1.148,1.252,0.182,,,,,,,,,,,,,,,,,,,,,,,,,,,,,,,,,,,,,,,,,,,,,,,,,,,,,,
RG210063,82,4.9,41,1,1,0.27,1,F,NS,NS,North,Shore,Shore,1.791,1.756,0.326,0,0,1,0,0,0,0,0,0,0,0,0,0,0,0,0,0,0,0,6,2,0,0,0,7,0,0,0.142857143,0,0,0,0,0,0,0,0,0,0,0,0,0,0,0,0,0.857142857,0.142857143,0,0,0,0,0,0,0,0.857142857
RG210064,57,1.45,30,0,0,0,0,M,NS,NS,North,Shore,Shore,1.441,1.446,0.217,0,2,7,0,0,6,0,0,0,0,0,0,0,0,0,0,0,0,0,0,2,0,0,0,15,0,0.133333333,0.466666667,0,0,0.4,0,0,0,0,0,0,0,0,0,0,0,0,0,0,0.6,0.4,0,0,0,0,0,0,0
RG210065,60,2.28,39,1,2,0.3,0,M,NS,NS,North,Shore,Shore,1.269,1.511,0.235,,,,,,,,,,,,,,,,,,,,,,,,,,,,,,,,,,,,,,,,,,,,,,,,,,,,,,
RG210066,56,1.52,25,0,0,0,0,M,NS,NS,North,Shore,Shore,1.346,1.160,0.204,,,,,,,,,,,,,,,,,,,,,,,,,,,,,,,,,,,,,,,,,,,,,,,,,,,,,,
RG210067,59,1.68,22,0,0,0,0,M,NS,NS,North,Shore,Shore,1.342,1.253,0.160,,,,,,,,,,,,,,,,,,,,,,,,,,,,,,,,,,,,,,,,,,,,,,,,,,,,,,
RG210068,59,2.18,28,1,1,0.27,0,M,NS,NS,North,Shore,Shore,1.395,1.437,0.269,0,0,6,0,0,1,0,0,13,0,0,0,0,4,5,0,0,0,0,0,1,0,0,0,29,0,0,0.206896552,0,0,0.034482759,0,0,0.448275862,0,0,0,0,0.137931034,0.172413793,0,0,0,0,0,0.206896552,0.034482759,0.448275862,0.137931034,0.172413793,0,0,0,0
RG210069,46,0.79,26,0,0,0,0,M,NS,NS,North,Shore,Shore,0.848,0.898,0.177,0,8,0,0,0,10,0,0,0,0,0,0,0,0,0,0,0,0,0,3,2,0,0,0,21,0,0.380952381,0,0,0,0.476190476,0,0,0,0,0,0,0,0,0,0,0,0,0,0.142857143,0.380952381,0.476190476,0,0,0,0,0,0,0.142857143
RG210070,51,1.12,21,0,0,0,0,F,NS,NS,North,Shore,Shore,1.216,1.175,0.155,0,0,0,0,0,1,0,0,0,0,0,0,0,0,0,0,0,0,0,0,1,0,0,0,1,0,0,0,0,0,1,0,0,0,0,0,0,0,0,0,0,0,0,0,0,0,1,0,0,0,0,0,0,0
RG210071,57,1.21,27,0,0,0,0,M,NS,NS,North,Shore,Shore,1.586,1.531,0.191,6,14,1,0,0,14,0,0,0,0,0,0,0,0,0,0,0,0,0,0,2,0,0,0,35,0.171428571,0.4,0.028571429,0,0,0.4,0,0,0,0,0,0,0,0,0,0,0,0,0,0,0.6,0.4,0,0,0,0,0,0,0
RG210072,55,1.41,30,0,0,0,0,M,NS,NS,North,Shore,Shore,1.370,1.280,0.185,2,8,0,0,0,11,0,0,0,0,0,0,0,0,0,0,0,0,0,31,3,0,0,0,52,0.038461538,0.153846154,0,0,0,0.211538462,0,0,0,0,0,0,0,0,0,0,0,0,0,0.596153846,0.192307692,0.211538462,0,0,0,0,0,0,0.596153846
RG210073,51,1.3,27,0,0,0,0,M,NS,NS,North,Shore,Shore,1.234,1.153,0.214,,,,,,,,,,,,,,,,,,,,,,,,,,,,,,,,,,,,,,,,,,,,,,,,,,,,,,
RG210074,48,0.96,25,0,0,0,0,M,NS,NS,North,Shore,Shore,0.961,1.000,0.108,5,15,0,0,0,4,0,0,0,0,0,0,0,0,0,0,0,0,0,1,2,0,0,0,25,0.2,0.6,0,0,0,0.16,0,0,0,0,0,0,0,0,0,0,0,0,0,0.04,0.8,0.16,0,0,0,0,0,0,0.04
RG210075,62,2.1,42,0,0,0,1,F,NS,NS,North,Shore,Shore,1.434,1.569,0.165,,,,,,,,,,,,,,,,,,,,,,,,,,,,,,,,,,,,,,,,,,,,,,,,,,,,,,
RG210076,71,2.9,50,0,0,0,0,F,NS,NS,North,Shore,Shore,1.440,1.639,0.227,0,2,2,0,0,0,0,0,1,0,0,0,0,0,0,0,0,8,1,0,4,0,0,0,14,0,0.142857143,0.142857143,0,0,0,0,0,0.071428571,0,0,0,0,0,0,0,0,0.571428571,0.071428571,0,0.285714286,0,0.071428571,0,0,0,0.571428571,0.071428571,0
RG210077,70,2.69,41,0,0,0,0,F,NS,NS,North,Shore,Shore,1.248,1.416,0.315,,,,,,,,,,,,,,,,,,,,,,,,,,,,,,,,,,,,,,,,,,,,,,,,,,,,,,
RG210078,47,0.9,21,0,0,0,0,F,NS,NS,North,Shore,Shore,0.749,0.522,0.059,0,34,0,0,0,6,0,0,0,0,0,0,0,0,0,0,0,0,0,0,2,0,0,0,40,0,0.85,0,0,0,0.15,0,0,0,0,0,0,0,0,0,0,0,0,0,0,0.85,0.15,0,0,0,0,0,0,0
RG210079,55,1.47,31,1,1,0.18,0,M,NS,NS,North,Shore,Shore,1.362,1.316,0.124,,,,,,,,,,,,,,,,,,,,,,,,,,,,,,,,,,,,,,,,,,,,,,,,,,,,,,
RG210080,63,2.19,43,0,0,0,0,F,NS,NS,North,Shore,Shore,1.621,1.507,0.204,0,40,0,4,0,2,0,0,2,0,0,0,0,0,0,0,0,0,5,0,2,0,0,0,53,0,0.754716981,0,0.075471698,0,0.037735849,0,0,0.037735849,0,0,0,0,0,0,0,0,0,0.094339623,0,0.830188679,0.037735849,0.037735849,0,0,0,0,0.094339623,0
RG210081,57,1.6,26,0,0,0,1,F,NS,NS,North,Shore,Shore,1.644,1.412,0.188,,,,,,,,,,,,,,,,,,,,,,,,,,,,,,,,,,,,,,,,,,,,,,,,,,,,,,
RG210082,60,1.74,22,0,0,0,0,M,NS,NS,North,Shore,Shore,1.640,1.492,0.252,0,0,0,0,0,4,0,0,2,0,0,0,0,0,0,0,0,0,0,0,2,0,0,1,6,0,0,0,0,0,0.666666667,0,0,0.333333333,0,0,0,0,0,0,0,0,0,0,0,0,0.666666667,0.333333333,0,0,0,0,0,0
RG210083,52,1.04,27,0,0,0,0,F,NS,NS,North,Shore,Shore,1.250,1.097,0.180,8,30,1,0,0,3,0,0,2,0,0,0,0,0,1,0,0,0,2,5,2,0,0,0,52,0.153846154,0.576923077,0.019230769,0,0,0.057692308,0,0,0.038461538,0,0,0,0,0,0.019230769,0,0,0,0.038461538,0.096153846,0.75,0.057692308,0.038461538,0,0.019230769,0,0,0.038461538,0.096153846
RG210084,65,1.87,32,0,0,0,0,F,NS,NS,North,Shore,Shore,1.474,1.542,0.214,0,5,6,0,0,2,1,1,5,0,0,0,0,0,11,0,0,0,0,10,2,0,0,0,41,0,0.12195122,0.146341463,0,0,0.048780488,0.024390244,0.024390244,0.12195122,0,0,0,0,0,0.268292683,0,0,0,0,0.243902439,0.268292683,0.048780488,0.170731707,0,0.268292683,0,0,0,0.243902439
RG210085,54,1.52,26,0,0,0,0,M,NS,NS,North,Shore,Shore,1.585,1.342,0.205,0,2,0,0,0,16,0,0,0,0,0,0,0,0,0,0,0,0,0,2,1,0,0,0,20,0,0.1,0,0,0,0.8,0,0,0,0,0,0,0,0,0,0,0,0,0,0.1,0.1,0.8,0,0,0,0,0,0,0.1
RG210086,51,1.15,28,0,0,0,0,M,NS,NS,North,Shore,Shore,1.044,1.202,0.139,0,2,0,0,0,3,0,0,30,0,0,0,0,0,7,0,0,0,0,0,1,0,0,0,42,0,0.047619048,0,0,0,0.071428571,0,0,0.714285714,0,0,0,0,0,0.166666667,0,0,0,0,0,0.047619048,0.071428571,0.714285714,0,0.166666667,0,0,0,0
RG210087,53,1.4,25,0,0,0,0,F,NS,NS,North,Shore,Shore,1.099,1.055,0.171,,,,,,,,,,,,,,,,,,,,,,,,,,,,,,,,,,,,,,,,,,,,,,,,,,,,,,
RG210088,60,1.7,35,0,0,0,0,F,NS,NS,North,Shore,Shore,1.128,1.171,0.364,0,3,2,0,0,12,0,0,0,0,0,0,0,0,0,0,0,0,4,0,2,0,0,0,21,0,0.142857143,0.095238095,0,0,0.571428571,0,0,0,0,0,0,0,0,0,0,0,0,0.19047619,0,0.238095238,0.571428571,0,0,0,0,0,0.19047619,0
RG210089,48,1.05,23,0,0,0,0,F,NS,NS,North,Shore,Shore,1.164,1.079,0.185,,,,,,,,,,,,,,,,,,,,,,,,,,,,,,,,,,,,,,,,,,,,,,,,,,,,,,
RG210090,57,2.18,32,0,0,0,0,F,NS,NS,North,Shore,Shore,1.267,1.171,0.270,,,,,,,,,,,,,,,,,,,,,,,,,,,,,,,,,,,,,,,,,,,,,,,,,,,,,,
RG210091,54,2.68,46,0,0,0,0,F,NS,NS,North,Shore,Shore,1.306,1.375,0.248,0,55,0,0,0,3,0,0,0,0,0,0,0,0,0,0,0,0,0,20,3,0,0,0,78,0,0.705128205,0,0,0,0.038461538,0,0,0,0,0,0,0,0,0,0,0,0,0,0.256410256,0.705128205,0.038461538,0,0,0,0,0,0,0.256410256
RG210092,72,3.76,36,1,3,0.66,0,F,NS,NS,North,Shore,Shore,1.544,1.473,0.280,,,,,,,,,,,,,,,,,,,,,,,,,,,,,,,,,,,,,,,,,,,,,,,,,,,,,,
RG210093,56,1.1,26,0,0,0,0,M,NS,NS,North,Shore,Shore,1.632,1.694,0.220,0,0,39,0,0,3,0,0,3,0,0,0,0,0,0,0,0,1,0,0,2,0,0,0,46,0,0,0.847826087,0,0,0.065217391,0,0,0.065217391,0,0,0,0,0,0,0,0,0.02173913,0,0,0.847826087,0.065217391,0.065217391,0,0,0,0.02173913,0,0
RG210094,53,1,27,0,0,0,0,M,NS,NS,North,Shore,Shore,1.265,1.383,0.192,0,0,0,0,0,1,0,0,3,0,0,0,0,0,0,0,0,0,0,0,1,0,0,0,4,0,0,0,0,0,0.25,0,0,0.75,0,0,0,0,0,0,0,0,0,0,0,0,0.25,0.75,0,0,0,0,0,0
RG210095,56,1.46,33,0,0,0,0,M,NS,NS,North,Shore,Shore,1.778,1.758,0.138,0,9,10,0,0,2,0,0,0,0,0,0,0,0,0,0,0,1,0,0,2,0,0,0,22,0,0.409090909,0.454545455,0,0,0.090909091,0,0,0,0,0,0,0,0,0,0,0,0.045454545,0,0,0.863636364,0.090909091,0,0,0,0,0.045454545,0,0
RG210096,45,1,20,0,0,0,0,M,NS,NS,North,Shore,Shore,0.974,0.935,0.173,0,0,5,0,0,3,0,0,0,0,0,0,0,0,0,0,0,0,0,0,2,0,0,0,8,0,0,0.625,0,0,0.375,0,0,0,0,0,0,0,0,0,0,0,0,0,0,0.625,0.375,0,0,0,0,0,0,0
RG210097,57,1.6,26,0,0,0,0,M,NS,NS,North,Shore,Shore,1.711,1.819,0.247,0,2,2,0,0,10,0,0,0,0,0,0,0,0,5,0,0,0,0,0,2,0,0,0,19,0,0.105263158,0.105263158,0,0,0.526315789,0,0,0,0,0,0,0,0,0.263157895,0,0,0,0,0,0.210526316,0.526315789,0,0,0.263157895,0,0,0,0
RG210098,48,0.9,23,0,0,0,0,M,NS,NS,North,Shore,Shore,0.929,0.966,0.157,0,9,0,0,0,5,0,0,0,0,0,0,0,0,0,0,0,0,1,0,1,0,0,0,15,0,0.6,0,0,0,0.333333333,0,0,0,0,0,0,0,0,0,0,0,0,0.066666667,0,0.6,0.333333333,0,0,0,0,0,0.066666667,0
RG210099,41,0.65,21,1,1,0.13,0,M,NS,NS,North,Shore,Shore,0.752,0.756,0.127,,,,,,,,,,,,,,,,,,,,,,,,,,,,,,,,,,,,,,,,,,,,,,,,,,,,,,
RG210100,57,1.61,29,1,1,0.04,0,M,NS,NS,North,Shore,Shore,1.355,1.469,0.227,0,1,10,0,0,26,0,0,0,0,0,0,0,0,0,0,0,0,0,0,1,0,0,0,37,0,0.027027027,0.27027027,0,0,0.702702703,0,0,0,0,0,0,0,0,0,0,0,0,0,0,0.297297297,0.702702703,0,0,0,0,0,0,0
RG210101,57,1.6,30,0,0,0,0,M,44,23&44,South,Lake,Lake,,,,0,0,0,0,0,1,0,0,0,0,0,0,0,0,32,0,0,0,0,4,1,0,0,0,37,0,0,0,0,0,0.027027027,0,0,0,0,0,0,0,0,0.864864865,0,0,0,0,0.108108108,0,0.027027027,0,0,0.864864865,0,0,0,0.108108108
RG210102,50,1.39,30,0,0,0,0,F,44,23&44,South,Lake,Lake,1.060,1.091,0.201,0,1,0,0,0,10,0,0,17,0,0,0,0,1,25,0,0,0,0,0,2,0,0,0,54,0,0.018518519,0,0,0,0.185185185,0,0,0.314814815,0,0,0,0,0.018518519,0.462962963,0,0,0,0,0,0.018518519,0.185185185,0.314814815,0.018518519,0.462962963,0,0,0,0
RG210103,52,2.02,26,0,0,0,1,F,44,23&44,South,Lake,Lake,1.192,1.142,0.268,0,1,2,0,0,2,0,1,38,0,0,0,0,0,18,0,0,0,0,0,2,0,0,0,62,0,0.016129032,0.032258065,0,0,0.032258065,0,0.016129032,0.612903226,0,0,0,0,0,0.290322581,0,0,0,0,0,0.048387097,0.032258065,0.629032258,0,0.290322581,0,0,0,0
RG210104,47,1.03,21,0,0,0,0,F,44,23&44,South,Lake,Lake,1.049,1.011,0.140,0,3,0,0,0,5,0,0,0,0,0,0,0,0,0,1,0,0,0,0,2,0,0,0,9,0,0.333333333,0,0,0,0.555555556,0,0,0,0,0,0,0,0,0,0.111111111,0,0,0,0,0.333333333,0.555555556,0,0,0.111111111,0,0,0,0
RG210105,57,0.32,,0,0,0,0,M,44,23&44,South,Lake,Lake,1.368,1.254,0.180,0,1,3,0,0,11,0,0,0,0,0,0,0,0,0,0,0,0,0,0,1,0,0,0,15,0,0.066666667,0.2,0,0,0.733333333,0,0,0,0,0,0,0,0,0,0,0,0,0,0,0.266666667,0.733333333,0,0,0,0,0,0,0
RG210106,53,2.05,36,0,0,0,0,F,44,23&44,South,Lake,Lake,1.092,1.271,0.151,0,6,0,0,0,13,8,0,0,0,0,0,0,0,0,0,0,0,0,0,4,0,0,0,27,0,0.222222222,0,0,0,0.481481481,0.296296296,0,0,0,0,0,0,0,0,0,0,0,0,0,0.222222222,0.481481481,0.296296296,0,0,0,0,0,0
RG210107,52,0.7,22,0,0,0,1,F,44,23&44,South,Lake,Lake,1.176,1.170,0.157,0,0,2,0,0,7,0,0,0,0,0,0,0,0,0,0,0,0,0,0,2,0,0,0,9,0,0,0.222222222,0,0,0.777777778,0,0,0,0,0,0,0,0,0,0,0,0,0,0,0.222222222,0.777777778,0,0,0,0,0,0,0
RG210108,42,0.66,,0,0,0,0,F,44,23&44,South,Lake,Lake,0.851,0.796,0.145,0,0,1,0,0,4,0,0,0,0,0,0,0,0,0,0,0,0,0,0,2,0,0,0,5,0,0,0.2,0,0,0.8,0,0,0,0,0,0,0,0,0,0,0,0,0,0,0.2,0.8,0,0,0,0,0,0,0
RG210109,48,0.9,16,0,0,0,0,M,44,23&44,South,Lake,Lake,1.220,1.014,0.161,0,0,2,0,0,3,0,0,5,0,0,0,0,0,0,0,0,0,0,0,1,0,0,0,10,0,0,0.2,0,0,0.3,0,0,0.5,0,0,0,0,0,0,0,0,0,0,0,0.2,0.3,0.5,0,0,0,0,0,0
RG210151,57,1.45,22,0,0,0,0,M,23,23&44,South,Lake,Lake,1.231,1.061,0.401,0,1,9,0,0,5,0,0,0,0,0,0,0,0,1,0,0,0,0,0,2,0,0,0,16,0,0.0625,0.5625,0,0,0.3125,0,0,0,0,0,0,0,0,0.0625,0,0,0,0,0,0.625,0.3125,0,0,0.0625,0,0,0,0
RG210152,58,1.87,31,0,0,0,1,F,23,23&44,South,Lake,Lake,1.228,1.145,0.266,0,1,6,0,0,11,0,0,29,0,0,0,0,0,21,0,0,0,0,0,2,0,0,0,68,0,0.014705882,0.088235294,0,0,0.161764706,0,0,0.426470588,0,0,0,0,0,0.308823529,0,0,0,0,0,0.102941176,0.161764706,0.426470588,0,0.308823529,0,0,0,0
RG210153,46,0.8,26,0,0,0,0,M,23,23&44,South,Lake,Lake,1.165,1.102,0.131,0,1,0,0,0,7,0,0,3,0,0,0,0,0,1,0,0,0,0,0,2,0,0,0,12,0,0.083333333,0,0,0,0.583333333,0,0,0.25,0,0,0,0,0,0.083333333,0,0,0,0,0,0.083333333,0.583333333,0.25,0,0.083333333,0,0,0,0
RG210154,41,0.35,16,0,0,0,0,F,23,23&44,South,Lake,Lake,0.612,0.610,0.161,0,0,1,0,0,0,0,0,0,0,0,0,0,0,0,0,0,0,0,0,1,0,0,0,1,0,0,1,0,0,0,0,0,0,0,0,0,0,0,0,0,0,0,0,0,1,0,0,0,0,0,0,0,0
RG210155,55,1.46,31,0,0,0,0,M,23,23&44,South,Lake,Lake,1.286,1.162,0.149,0,1,0,0,0,14,0,0,0,0,0,0,0,0,0,0,0,0,0,0,2,0,0,0,15,0,0.066666667,0,0,0,0.933333333,0,0,0,0,0,0,0,0,0,0,0,0,0,0,0.066666667,0.933333333,0,0,0,0,0,0,0
RG210156,64,2.63,39,0,0,0,0,F,23,23&44,South,Lake,Lake,1.433,1.264,0.176,0,0,5,0,0,11,0,0,0,0,0,0,0,0,0,0,0,0,0,0,3,0,0,0,16,0,0,0.3125,0,0,0.6875,0,0,0,0,0,0,0,0,0,0,0,0,0,0,0.3125,0.6875,0,0,0,0,0,0,0
RG210157,46,0.8,16,0,0,0,0,F,23,23&44,South,Lake,Lake,1.117,0.954,0.143,0,0,0,0,0,5,0,0,0,0,0,0,0,0,0,0,0,0,0,0,1,0,0,0,5,0,0,0,0,0,1,0,0,0,0,0,0,0,0,0,0,0,0,0,0,0,1,0,0,0,0,0,0,0
RG210158,73,3.01,40,0,0,0,0,F,23,23&44,South,Lake,Lake,1.555,1.406,0.260,0,0,19,0,0,7,0,0,96,0,0,0,0,0,8,0,0,0,0,0,3,0,0,0,130,0,0,0.146153846,0,0,0.053846154,0,0,0.738461538,0,0,0,0,0,0.061538462,0,0,0,0,0,0.146153846,0.053846154,0.738461538,0,0.061538462,0,0,0,0
RG210159,54,1.17,31,0,0,0,0,F,23,23&44,South,Lake,Lake,1.008,0.918,0.268,0,0,3,0,0,7,0,0,52,0,0,0,0,0,25,0,0,0,0,0,2,0,0,0,87,0,0,0.034482759,0,0,0.08045977,0,0,0.597701149,0,0,0,0,0,0.287356322,0,0,0,0,0,0.034482759,0.08045977,0.597701149,0,0.287356322,0,0,0,0
RG210201,37,0.39,19,1,1,0.03,0,F,HS,HS,North,Shore,HS,0.823,0.823,0.122,,,,,,,,,,,,,,,,,,,,,,,,,,,,,,,,,,,,,,,,,,,,,,,,,,,,,,
RG210202,43,0.61,26,1,1,0.01,0,F,HS,HS,North,Shore,HS,0.727,0.753,0.208,,,,,,,,,,,,,,,,,,,,,,,,,,,,,,,,,,,,,,,,,,,,,,,,,,,,,,
RG210203,59,1.5,25,0,0,0,0,M,HS,HS,North,Shore,HS,1.235,1.083,0.195,0,0,0,0,0,1,0,0,2,0,0,0,0,0,1,0,0,1,0,0,2,0,0,0,5,0,0,0,0,0,0.2,0,0,0.4,0,0,0,0,0,0.2,0,0,0.2,0,0,0,0.2,0.4,0,0.2,0,0.2,0,0
RG210204,51,0.82,26,0,0,0,0,F,HS,HS,North,Shore,HS,0.829,0.957,0.235,0,0,0,0,0,1,0,0,0,0,0,0,0,0,0,0,0,0,0,0,1,0,0,0,1,0,0,0,0,0,1,0,0,0,0,0,0,0,0,0,0,0,0,0,0,0,1,0,0,0,0,0,0,0
RG210205,54,1.7,20,0,0,0,0,M,HS,HS,North,Shore,HS,1.258,1.358,0.176,0,0,0,0,0,1,0,0,0,0,0,0,0,0,0,0,0,0,0,0,1,0,0,0,1,0,0,0,0,0,1,0,0,0,0,0,0,0,0,0,0,0,0,0,0,0,1,0,0,0,0,0,0,0
RG210206,54,1.33,23,1,4,0.1,0,F,HS,HS,North,Shore,HS,1.126,1.125,0.261,0,0,0,0,0,0,0,0,0,0,0,0,0,0,1,0,0,0,0,0,1,0,0,0,1,0,0,0,0,0,0,0,0,0,0,0,0,0,0,1,0,0,0,0,0,0,0,0,0,1,0,0,0,0
RG210207,51,1.1,27,0,0,0,0,M,HS,HS,North,Shore,HS,1.089,1.127,0.193,,,,,,,,,,,,,,,,,,,,,,,,,,,,,,,,,,,,,,,,,,,,,,,,,,,,,,
RG210208,51,1,25,0,0,0,0,F,HS,HS,North,Shore,HS,1.340,1.054,0.185,0,0,2,0,0,0,0,0,0,0,0,0,0,0,0,0,0,0,0,0,1,3,0,1,2,0,0,1,0,0,0,0,0,0,0,0,0,0,0,0,0,0,0,0,0,1,0,0,0,0,0,0,0,0
RG210209,61,2.2,32,0,0,0,1,F,HS,HS,North,Shore,HS,1.015,1.038,0.106,0,0,0,0,0,0,0,0,1,0,0,0,0,0,0,0,0,0,0,16,3,0,0,0,17,0,0,0,0,0,0,0,0,0.058823529,0,0,0,0,0,0,0,0,0,0,0.941176471,0,0,0.058823529,0,0,0,0,0,0.941176471
RG210210,56,1.5,24,1,1,0.15,0,F,HS,HS,North,Shore,HS,1.019,1.027,0.259,0,0,0,0,0,0,0,0,0,0,0,0,0,0,0,0,0,1,0,0,2,0,0,0,1,0,0,0,0,0,0,0,0,0,0,0,0,0,0,0,0,0,1,0,0,0,0,0,0,0,0,1,0,0
RG210211,53,1.25,31,0,0,0,0,F,HS,HS,North,Shore,HS,1.173,1.022,0.159,0,5,1,0,1,12,0,0,0,0,0,0,0,0,0,0,0,0,0,0,2,0,0,0,19,0,0.263157895,0.052631579,0,0.052631579,0.631578947,0,0,0,0,0,0,0,0,0,0,0,0,0,0,0.368421053,0.631578947,0,0,0,0,0,0,0
RG210212,48,0.9,21,0,0,0,0,F,HS,HS,North,Shore,HS,1.092,0.996,0.218,,,,,,,,,,,,,,,,,,,,,,,,,,,,,,,,,,,,,,,,,,,,,,0,0,0,0,0,0,0,0,0
RG210213,55,1.1,20,0,0,0,0,M,HS,HS,North,Shore,HS,1.279,1.332,0.124,0,0,2,0,0,0,0,0,0,0,0,0,0,0,0,1,0,0,0,0,1,4,0,0,3,0,0,0.666666667,0,0,0,0,0,0,0,0,0,0,0,0,0.333333333,0,0,0,0,0.666666667,0,0,0,0.333333333,0,0,0,0
RG210214,56,1.47,30,1,4,0.02,0,F,HS,HS,North,Shore,HS,1.141,1.123,0.215,0,6,5,0,0,3,1,0,18,0,0,0,0,0,0,0,0,0,0,1,3,0,2,0,34,0,0.176470588,0.147058824,0,0,0.088235294,0.029411765,0,0.529411765,0,0,0,0,0,0,0,0,0,0,0.029411765,0.323529412,0.088235294,0.558823529,0,0,0,0,0,0.029411765
RG210215,54,1.2,,0,0,0,0,M,HS,HS,North,Shore,HS,1.224,1.189,0.137,0,0,0,0,0,1,0,0,0,0,0,0,0,0,0,0,0,0,0,0,2,0,0,0,1,0,0,0,0,0,1,0,0,0,0,0,0,0,0,0,0,0,0,0,0,0,1,0,0,0,0,0,0,0
RG210216,58,1.6,22,0,0,0,0,F,HS,HS,North,Shore,HS,0.967,1.047,0.210,0,0,0,0,0,0,0,0,0,0,0,0,0,0,0,0,0,3,0,0,1,0,0,0,3,0,0,0,0,0,0,0,0,0,0,0,0,0,0,0,0,0,1,0,0,0,0,0,0,0,0,1,0,0
RG210217,60,1.6,20,0,0,0,0,M,HS,HS,North,Shore,HS,1.372,1.495,0.184,0,0,0,0,0,0,0,0,1,0,0,0,0,0,1,0,0,3,0,0,1,2,0,0,5,0,0,0,0,0,0,0,0,0.2,0,0,0,0,0,0.2,0,0,0.6,0,0,0,0,0.2,0,0.2,0,0.6,0,0
RG210218,64,1.7,26,0,0,0,0,F,HS,HS,North,Shore,HS,1.420,1.277,0.280,1,0,0,0,0,0,0,0,1,0,0,0,0,0,1,0,0,3,0,0,1,0,0,0,6,0.166666667,0,0,0,0,0,0,0,0.166666667,0,0,0,0,0,0.166666667,0,0,0.5,0,0,0.166666667,0,0.166666667,0,0.166666667,0,0.5,0,0
RG210219,54,1.3,24,0,0,0,0,F,HS,HS,North,Shore,HS,1.189,0.941,0.259,,,,,,,,,,,,,,,,,,,,,,,,,,,,,,,,,,,,,,,,,,,,,,,,,,,,,,
RG210220,55,1.3,25,0,0,0,0,M,HS,HS,North,Shore,HS,1.224,1.197,0.154,,,,,,,,,,,,,,,,,,,,,,,,,,,,,,,,,,,,,,,,,,,,,,,,,,,,,,
RG210221,55,1.32,20,0,0,0,0,M,HS,HS,North,Shore,HS,1.329,1.342,0.193,,,,,,,,,,,,,,,,,,,,,,,,,,,,,,,,,,,,,,,,,,,,,,,,,,,,,,
RG210222,53,1.21,21,0,0,0,0,M,HS,HS,North,Shore,HS,1.296,1.192,0.189,0,0,0,0,0,1,0,0,0,0,0,0,0,0,0,0,1,0,0,0,2,0,0,0,2,0,0,0,0,0,0.5,0,0,0,0,0,0,0,0,0,0,0.5,0,0,0,0,0.5,0,0,0,0.5,0,0,0
RG210223,58,1.51,30,1,3,0.1,0,M,HS,HS,North,Shore,HS,1.598,1.560,0.203,0,0,0,0,0,0,0,0,2,0,0,0,0,0,0,0,0,1,0,0,1,10,10,0,3,0,0,0,0,0,0,0,0,0.666666667,0,0,0,0,0,0,0,0,0.333333333,0,0,0,0,0.666666667,0,0,0,0.333333333,0,0
RG210224,63,1.6,23,0,0,0,0,M,HS,HS,North,Shore,HS,1.271,1.240,0.230,0,0,0,0,0,0,0,0,0,0,0,1,0,0,0,0,0,0,0,0,2,6,0,0,1,0,0,0,0,0,0,0,0,0,0,0,1,0,0,0,0,0,0,0,0,0,0,0,1,0,0,0,0,0
RG210225,53,1.4,28,0,0,0,0,M,HS,HS,North,Shore,HS,1.305,1.329,0.176,0,5,15,0,0,6,0,0,0,0,0,0,0,0,0,0,0,0,0,0,2,0,0,0,26,0,0.192307692,0.576923077,0,0,0.230769231,0,0,0,0,0,0,0,0,0,0,0,0,0,0,0.769230769,0.230769231,0,0,0,0,0,0,0
RG210226,52,1.13,25,0,0,0,0,F,HS,HS,North,Shore,HS,1.195,1.096,0.215,0,0,0,0,0,0,0,0,0,0,0,0,0,0,0,0,0,1,0,0,3,0,0,0,1,0,0,0,0,0,0,0,0,0,0,0,0,0,0,0,0,0,1,0,0,0,0,0,0,0,0,1,0,0
RG210227,49,0.8,28,0,0,0,0,F,HS,HS,North,Shore,HS,0.814,0.842,0.140,0,0,0,0,0,0,0,0,0,0,0,0,0,0,0,0,0,1,0,0,1,0,0,0,1,0,0,0,0,0,0,0,0,0,0,0,0,0,0,0,0,0,1,0,0,0,0,0,0,0,0,1,0,0
RG210228,52,1.11,19,0,0,0,0,F,HS,HS,North,Shore,HS,1.257,1.215,0.183,,,,,,,,,,,,,,,,,,,,,,,,,,,,,,,,,,,,,,,,,,,,,,,,,,,,,,
RG210229,57,1.45,25,1,6,0.07,0,F,HS,HS,North,Shore,HS,1.141,1.113,0.242,0,0,0,0,0,0,0,0,0,0,0,0,0,0,0,0,0,0,0,0,2,0,0,0,0,0,0,0,0,0,0,0,0,0,0,0,0,0,0,0,0,0,0,0,0,0,0,0,0,0,0,0,0,0
RG210230,58,1.12,,0,0,0,0,M,HS,HS,North,Shore,HS,1.396,1.417,0.230,,,,,,,,,,,,,,,,,,,,,,,,,,,,,,,,,,,,,,,,,,,,,,,,,,,,,,
RG210231,50,1.05,23,0,0,0,0,M,HS,HS,North,Shore,HS,1.318,1.199,0.201,,,,,,,,,,,,,,,,,,,,,,,,,,,,,,,,,,,,,,,,,,,,,,,,,,,,,,
RG210232,55,1.23,21,0,0,0,0,M,HS,HS,North,Shore,HS,1.133,1.093,0.156,,,,,,,,,,,,,,,,,,,,,,,,,,,,,,,,,,,,,,,,,,,,,,,,,,,,,,
RG210233,59,1.23,16,0,0,0,0,M,HS,HS,North,Shore,HS,1.460,1.428,0.150,0,0,0,1,0,0,0,0,0,0,0,0,0,0,0,0,0,0,0,0,1,0,0,0,1,0,0,0,1,0,0,0,0,0,0,0,0,0,0,0,0,0,0,0,0,1,0,0,0,0,0,0,0,0
RG210234,39,0.37,20,1,8,0.15,0,M,HS,HS,North,Shore,HS,0.968,1.063,0.119,0,0,0,0,0,0,0,0,0,0,0,0,0,0,0,0,0,1,0,0,2,2,0,0,1,0,0,0,0,0,0,0,0,0,0,0,0,0,0,0,0,0,1,0,0,0,0,0,0,0,0,1,0,0
RG210235,47,0.8,24,0,0,0,1,F,HS,HS,North,Shore,HS,0.843,0.895,0.126,0,0,0,0,0,0,0,0,0,0,0,0,0,0,0,0,0,0,0,0,1,0,0,0,0,0,0,0,0,0,0,0,0,0,0,0,0,0,0,0,0,0,0,0,0,0,0,0,0,0,0,0,0,0
RG210236,54,1.21,16,0,0,0,0,F,HS,HS,North,Shore,HS,1.524,1.458,0.143,0,0,0,0,0,0,0,0,0,0,0,0,0,0,0,0,0,10,0,0,1,0,0,0,10,0,0,0,0,0,0,0,0,0,0,0,0,0,0,0,0,0,1,0,0,0,0,0,0,0,0,1,0,0
RG210237,49,0.94,,0,0,0,0,F,HS,HS,North,Shore,HS,1.144,1.248,0.129,,,,,,,,,,,,,,,,,,,,,,,,,,,,,,,,,,,,,,,,,,,,,,,,,,,,,,
RG210238,50,1.1,21,0,0,0,0,M,HS,HS,North,Shore,HS,1.128,1.185,0.105,0,0,0,0,0,59,0,0,0,0,0,0,0,0,0,0,0,0,0,0,2,0,0,0,59,0,0,0,0,0,1,0,0,0,0,0,0,0,0,0,0,0,0,0,0,0,1,0,0,0,0,0,0,0
RG210239,44,0.83,21,1,4,0.18,0,F,HS,HS,North,Shore,HS,0.874,0.925,0.215,0,0,2,0,0,0,0,0,0,0,0,0,0,0,0,0,0,3,0,0,1,3,0,0,5,0,0,0.4,0,0,0,0,0,0,0,0,0,0,0,0,0,0,0.6,0,0,0.4,0,0,0,0,0,0.6,0,0
RG210240,46,0.76,16,0,0,0,0,F,HS,HS,North,Shore,HS,1.046,0.962,0.165,,,,,,,,,,,,,,,,,,,,,,,,,,,,,,,,,,,,,,,,,,,,,,,,,,,,,,
RG210241,49,1.01,,0,0,0,0,M,HS,HS,North,Shore,HS,0.996,0.872,0.157,0,0,1,0,0,54,0,0,0,0,0,0,0,0,0,0,0,0,0,0,1,0,0,0,55,0,0,0.018181818,0,0,0.981818182,0,0,0,0,0,0,0,0,0,0,0,0,0,0,0.018181818,0.981818182,0,0,0,0,0,0,0
RG210242,36,0.45,15,1,3,0.05,0,F,HS,HS,North,Shore,HS,0.547,0.459,0.157,,,,,,,,,,,,,,,,,,,,,,,,,,,,,,,,,,,,,,,,,,,,,,,,,,,,,,
RG210243,42,0.54,16,0,0,0,0,M,HS,HS,North,Shore,HS,0.859,0.845,0.178,0,0,0,0,0,0,0,0,0,0,0,0,0,0,0,0,0,0,0,0,1,5,0,0,0,0,0,0,0,0,0,0,0,0,0,0,0,0,0,0,0,0,0,0,0,0,0,0,0,0,0,0,0,0
RG210244,44,0.71,17,0,0,0,0,M,HS,HS,North,Shore,HS,0.873,0.878,0.166,0,0,0,0,0,4,0,0,0,0,0,0,0,0,0,0,0,0,0,0,2,0,1,0,4,0,0,0,0,0,1,0,0,0,0,0,0,0,0,0,0,0,0,0,0,0,1,0,0,0,0,0,0,0
RG210245,47,0.75,24,0,0,0,0,M,HS,HS,North,Shore,HS,1.480,1.564,0.214,0,0,2,0,0,5,0,1,3,0,2,0,0,0,0,0,0,0,1,0,2,3,0,0,14,0,0,0.142857143,0,0,0.357142857,0,0.071428571,0.214285714,0,0.142857143,0,0,0,0,0,0,0,0.071428571,0,0.142857143,0.357142857,0.285714286,0.142857143,0,0,0,0.071428571,0
RG210246,40,0.6,17,1,3,0.07,0,F,HS,HS,North,Shore,HS,0.602,0.618,0.127,,,,,,,,,,,,,,,,,,,,,,,,,,,,,,,,,,,,,,,,,,,,,,,,,,,,,,
RG210247,43,0.63,22,0,0,0,0,M,HS,HS,North,Shore,HS,0.709,0.693,0.154,,,,,,,,,,,,,,,,,,,,,,,,,,,,,,,,,,,,,,,,,,,,,,,,,,,,,,
RG210248,44,0.63,15,0,0,0,0,F,HS,HS,North,Shore,HS,1.144,0.897,0.245,,,,,,,,,,,,,,,,,,,,,,,,,,,,,,,,,,,,,,,,,,,,,,,,,,,,,,
RG210249,52,1.02,15,0,0,0,0,M,HS,HS,North,Shore,HS,1.402,1.403,0.211,1,0,0,0,0,0,0,0,10,1,0,1,0,0,22,0,0,3,0,0,1,0,0,0,38,0.026315789,0,0,0,0,0,0,0,0.263157895,0.026315789,0,0.026315789,0,0,0.578947368,0,0,0.078947368,0,0,0.026315789,0,0.263157895,0.052631579,0.578947368,0,0.078947368,0,0
RG210250,40,0.5,16,1,1,0.1,0,F,HS,HS,North,Shore,HS,0.730,0.590,0.149,0,0,0,0,0,2,0,0,0,0,0,0,0,0,0,0,0,0,0,0,1,0,0,0,2,0,0,0,0,0,1,0,0,0,0,0,0,0,0,0,0,0,0,0,0,0,1,0,0,0,0,0,0,0
RG210251,66,2.92,43,0,0,0,1,F,135,135,South,Lake,Lake,1.238,1.253,0.279,4,4,10,0,0,6,0,0,0,0,0,0,0,0,0,0,0,0,0,0,2,0,0,0,24,0.166666667,0.166666667,0.416666667,0,0,0.25,0,0,0,0,0,0,0,0,0,0,0,0,0,0,0.75,0.25,0,0,0,0,0,0,0
RG210252,65,2.4,43,0,0,0,0,F,135,135,South,Lake,Lake,1.361,1.339,0.120,,,,,,,,,,,,,,,,,,,,,,,,,,,,,,,,,,,,,,,,,,,,,,,,,,,,,,
RG210253,64,2.28,41,0,0,0,1,F,135,135,South,Lake,Lake,1.330,1.283,0.175,0,2,5,0,0,2,2,0,1,0,0,0,0,0,1,0,0,1,0,0,1,0,0,0,14,0,0.142857143,0.357142857,0,0,0.142857143,0.142857143,0,0.071428571,0,0,0,0,0,0.071428571,0,0,0.071428571,0,0,0.5,0.142857143,0.214285714,0,0.071428571,0,0.071428571,0,0
RG210254,53,1.21,28,0,0,0,1,F,135,135,South,Lake,Lake,0.857,0.968,0.167,,,,,,,,,,,,,,,,,,,,,,,,,,,,,,,,,,,,,,,,,,,,,,,,,,,,,,
RG210255,70,2.94,26,0,0,0,1,F,135,135,South,Lake,Lake,1.595,1.489,0.181,,,,,,,,,,,,,,,,,,,,,,,,,,,,,,,,,,,,,,,,,,,,,,,,,,,,,,
RG210256,69,2.4,41,0,0,0,0,F,135,135,South,Lake,Lake,1.676,1.601,0.294,0,3,0,0,0,6,0,1,1,0,0,0,0,0,0,0,0,0,0,0,2,0,0,0,11,0,0.272727273,0,0,0,0.545454545,0,0.090909091,0.090909091,0,0,0,0,0,0,0,0,0,0,0,0.272727273,0.545454545,0.181818182,0,0,0,0,0,0
RG210257,70,2.62,42,0,0,0,0,F,135,135,South,Lake,Lake,1.258,1.317,0.256,,,,,,,,,,,,,,,,,,,,,,,,,,,,,,,,,,,,,,,,,,,,,,,,,,,,,,
RG210258,47,0.77,18,0,0,0,0,M,135,135,South,Lake,Lake,0.950,0.967,0.108,0,1,2,0,0,1,0,1,5,0,0,0,0,0,0,0,0,0,0,4,1,0,0,0,14,0,0.071428571,0.142857143,0,0,0.071428571,0,0.071428571,0.357142857,0,0,0,0,0,0,0,0,0,0,0.285714286,0.214285714,0.071428571,0.428571429,0,0,0,0,0,0.285714286
RG210259,63,2.24,36,0,0,0,0,F,135,135,South,Lake,Lake,1.493,1.515,0.231,,,,,,,,,,,,,,,,,,,,,,,,,,,,,,,,,,,,,,,,,,,,,,,,,,,,,,
RG210260,66,2.3,40,0,0,0,1,F,135,135,South,Lake,Lake,1.390,1.416,0.184,,,,,,,,,,,,,,,,,,,,,,,,,,,,,,,,,,,,,,,,,,,,,,,,,,,,,,
RG210261,68,2.5,24,1,1,0.51,0,M,135,135,South,Lake,Lake,2.261,2.372,0.208,10,0,9,0,0,2,0,1,11,1,0,0,0,0,9,0,1,0,0,0,2,0,0,0,44,0.227272727,0,0.204545455,0,0,0.045454545,0,0.022727273,0.25,0.022727273,0,0,0,0,0.204545455,0,0.022727273,0,0,0,0.431818182,0.045454545,0.272727273,0.022727273,0.204545455,0.022727273,0,0,0
RG210262,41,1.22,25,0,0,0,0,M,135,135,South,Lake,Lake,1.340,1.428,0.201,,,,,,,,,,,,,,,,,,,,,,,,,,,,,,,,,,,,,,,,,,,,,,,,,,,,,,
RG210263,65,2.3,36,0,0,0,0,F,135,135,South,Lake,Lake,1.435,1.431,0.228,,,,,,,,,,,,,,,,,,,,,,,,,,,,,,,,,,,,,,,,,,,,,,,,,,,,,,
RG210264,47,0.81,21,0,0,0,0,M,135,135,South,Lake,Lake,1.022,0.961,0.168,0,0,1,0,0,1,0,0,0,1,0,0,0,0,23,0,0,0,0,0,1,0,0,0,26,0,0,0.038461538,0,0,0.038461538,0,0,0,0.038461538,0,0,0,0,0.884615385,0,0,0,0,0,0.038461538,0.038461538,0,0.038461538,0.884615385,0,0,0,0
RG210265,51,0.9,40,0,0,0,0,F,135,135,South,Lake,Lake,0.944,0.891,0.147,,,,,,,,,,,,,,,,,,,,,,,,,,,,,,,,,,,,,,,,,,,,,,,,,,,,,,
RG210266,63,2.7,33,0,0,0,0,F,135,135,South,Lake,Lake,1.525,1.548,0.201,,,,,,,,,,,,,,,,,,,,,,,,,,,,,,,,,,,,,,,,,,,,,,,,,,,,,,
RG210267,60,1.14,20,0,0,0,0,M,135,135,South,Lake,Lake,1.411,1.314,0.155,0,6,5,0,0,2,0,2,1,0,0,0,0,0,1,0,0,0,0,1,1,0,0,0,18,0,0.333333333,0.277777778,0,0,0.111111111,0,0.111111111,0.055555556,0,0,0,0,0,0.055555556,0,0,0,0,0.055555556,0.611111111,0.111111111,0.166666667,0,0.055555556,0,0,0,0.055555556
RG210268,67,2.29,33,1,2,0.16,0,F,135,135,South,Lake,Lake,1.709,1.583,0.197,,,,,,,,,,,,,,,,,,,,,,,,,,,,,,,,,,,,,,,,,,,,,,,,,,,,,,
RG210269,61,2,40,0,0,0,0,F,135,135,South,Lake,Lake,1.433,1.375,0.259,1,0,1,0,0,3,0,0,0,0,0,0,0,0,0,0,0,0,0,0,1,1,0,0,5,0.2,0,0.2,0,0,0.6,0,0,0,0,0,0,0,0,0,0,0,0,0,0,0.4,0.6,0,0,0,0,0,0,0
RG210270,58,1.83,34,0,0,0,1,F,135,135,South,Lake,Lake,1.234,0.957,0.122,,,,,,,,,,,,,,,,,,,,,,,,,,,,,,,,,,,,,,,,,,,,,,,,,,,,,,
RG210271,53,1.1,23,0,0,0,0,M,135,135,South,Lake,Lake,0.900,0.955,0.175,0,3,2,0,0,3,0,0,0,0,0,0,0,0,0,0,0,0,0,0,1,0,0,0,8,0,0.375,0.25,0,0,0.375,0,0,0,0,0,0,0,0,0,0,0,0,0,0,0.625,0.375,0,0,0,0,0,0,0
RG210272,65,2.04,29,0,0,0,0,F,135,135,South,Lake,Lake,1.345,1.514,0.291,1,0,0,0,0,0,0,0,4,0,0,0,0,0,0,0,0,0,0,0,1,0,0,0,5,0.2,0,0,0,0,0,0,0,0.8,0,0,0,0,0,0,0,0,0,0,0,0.2,0,0.8,0,0,0,0,0,0
RG210273,54,1.5,30,0,0,0,1,F,135,135,South,Lake,Lake,1.019,1.140,0.144,0,0,0,0,0,0,0,0,0,0,0,0,0,0,0,0,0,0,0,0,1,0,0,0,0,0,0,0,0,0,0,0,0,0,0,0,0,0,0,0,0,0,0,0,0,0,0,0,0,0,0,0,0,0
RG210274,73,3.7,36,0,0,0,1,F,135,135,South,Lake,Lake,2.055,1.997,0.276,,,,,,,,,,,,,,,,,,,,,,,,,,,,,,,,,,,,,,,,,,,,,,,,,,,,,,
RG210275,61,2.3,32,0,0,0,0,M,135,135,South,Lake,Lake,1.599,1.448,0.258,1,0,0,1,0,4,0,0,0,0,0,0,0,0,0,0,0,0,0,0,2,0,0,0,6,0.166666667,0,0,0.166666667,0,0.666666667,0,0,0,0,0,0,0,0,0,0,0,0,0,0,0.333333333,0.666666667,0,0,0,0,0,0,0
RG210276,51,1.6,40,0,0,0,1,F,135,135,South,Lake,Lake,1.055,1.075,0.106,,,,,,,,,,,,,,,,,,,,,,,,,,,,,,,,,,,,,,,,,,,,,,,,,,,,,,
RG210277,58,2.1,41,0,0,0,1,F,135,135,South,Lake,Lake,1.039,1.260,0.150,,,,,,,,,,,,,,,,,,,,,,,,,,,,,,,,,,,,,,,,,,,,,,,,,,,,,,
RG210278,53,1.34,24,0,0,0,0,M,135,135,South,Lake,Lake,1.393,1.409,0.252,0,0,0,0,0,0,0,0,0,0,0,0,0,0,0,0,0,0,0,0,1,0,0,0,0,0,0,0,0,0,0,0,0,0,0,0,0,0,0,0,0,0,0,0,0,0,0,0,0,0,0,0,0,0
RG210279,61,1.7,32,1,1,0.1,0,F,135,135,South,Lake,Lake,1.136,1.145,0.193,0,2,6,0,0,0,0,3,0,0,0,0,0,0,1,0,0,0,0,0,1,0,0,0,12,0,0.166666667,0.5,0,0,0,0,0.25,0,0,0,0,0,0,0.083333333,0,0,0,0,0,0.666666667,0,0.25,0,0.083333333,0,0,0,0
RG210280,71,3.18,44,0,0,0,1,F,135,135,South,Lake,Lake,1.169,1.576,0.181,,,,,,,,,,,,,,,,,,,,,,,,,,,,,,,,,,,,,,,,,,,,,,,,,,,,,,
RG210281,44,1.61,26,0,0,0,0,M,135,135,South,Lake,Lake,1.097,1.125,0.143,2,3,0,0,0,1,0,0,0,0,0,0,0,0,0,0,0,0,0,0,0,0,0,0,6,0.333333333,0.5,0,0,0,0.166666667,0,0,0,0,0,0,0,0,0,0,0,0,0,0,0.833333333,0.166666667,0,0,0,0,0,0,0
RG210282,61,1.93,36,0,0,0,0,M,135,135,South,Lake,Lake,1.441,1.391,0.263,,,,,,,,,,,,,,,,,,,,,,,,,,,,,,,,,,,,,,,,,,,,,,,,,,,,,,
RG210283,74,2.9,51,0,0,0,0,F,135,135,South,Lake,Lake,1.416,1.552,0.231,,,,,,,,,,,,,,,,,,,,,,,,,,,,,,,,,,,,,,,,,,,,,,,,,,,,,,
RG210284,61,1.82,41,0,0,0,0,F,135,135,South,Lake,Lake,1.467,1.347,0.251,0,0,4,0,0,0,0,0,1,0,0,0,0,0,2,0,0,0,0,0,2,0,0,0,7,0,0,0.571428571,0,0,0,0,0,0.142857143,0,0,0,0,0,0.285714286,0,0,0,0,0,0.571428571,0,0.142857143,0,0.285714286,0,0,0,0
RG210285,62,2.26,37,0,0,0,0,F,135,135,South,Lake,Lake,1.382,1.505,0.209,1,2,2,0,0,5,0,0,0,0,0,0,0,0,0,0,0,0,1,3,1,0,0,0,14,0.071428571,0.142857143,0.142857143,0,0,0.357142857,0,0,0,0,0,0,0,0,0,0,0,0,0.071428571,0.214285714,0.357142857,0.357142857,0,0,0,0,0,0.071428571,0.214285714
RG210286,70,3.75,41,0,0,0,1,F,135,135,South,Lake,Lake,1.617,1.828,0.231,,,,,,,,,,,,,,,,,,,,,,,,,,,,,,,,,,,,,,,,,,,,,,,,,,,,,,
RG210287,61,1.9,35,0,0,0,0,F,135,135,South,Lake,Lake,1.215,1.253,0.170,0,0,0,0,0,0,0,0,0,0,0,0,0,0,0,0,0,0,0,0,0,0,0,0,0,0,0,0,0,0,0,0,0,0,0,0,0,0,0,0,0,0,0,0,0,0,0,0,0,0,0,0,0,0
RG210288,51,1.37,29,0,0,0,0,F,135,135,South,Lake,Lake,1.073,1.136,0.153,0,0,0,0,0,0,0,0,0,0,0,1,0,0,0,0,0,0,0,0,1,0,0,0,1,0,0,0,0,0,0,0,0,0,0,0,1,0,0,0,0,0,0,0,0,0,0,0,1,0,0,0,0,0
RG210289,60,2.03,30,1,1,0.29,0,M,135,135,South,Lake,Lake,1.478,1.548,0.251,0,10,14,0,0,4,0,0,0,0,0,0,0,0,0,0,0,0,0,0,2,0,0,0,28,0,0.357142857,0.5,0,0,0.142857143,0,0,0,0,0,0,0,0,0,0,0,0,0,0,0.857142857,0.142857143,0,0,0,0,0,0,0
RG210290,43,0.6,18,0,0,0,0,F,135,135,South,Lake,Lake,0.799,0.724,0.207,3,0,0,0,0,2,0,0,5,2,0,0,0,0,0,0,0,0,0,0,1,0,0,0,12,0.25,0,0,0,0,0.166666667,0,0,0.416666667,0.166666667,0,0,0,0,0,0,0,0,0,0,0.25,0.166666667,0.416666667,0.166666667,0,0,0,0,0
RG210291,42,0.62,20,0,0,0,0,F,135,135,South,Lake,Lake,0.713,0.772,0.200,,,,,,,,,,,,,,,,,,,,,,,,,,,,,,,,,,,,,,,,,,,,,,,,,,,,,,
RG210292,44,0.68,22,0,0,0,0,F,135,135,South,Lake,Lake,1.053,0.970,0.166,0,2,6,0,0,4,0,0,0,0,0,0,0,0,0,0,0,0,0,0,2,0,0,0,12,0,0.166666667,0.5,0,0,0.333333333,0,0,0,0,0,0,0,0,0,0,0,0,0,0,0.666666667,0.333333333,0,0,0,0,0,0,0
RG210293,49,1,25,0,0,0,0,F,135,135,South,Lake,Lake,1.262,1.314,0.153,0,0,0,0,0,0,0,0,0,0,0,0,0,0,0,0,0,1,0,0,1,0,0,0,1,0,0,0,0,0,0,0,0,0,0,0,0,0,0,0,0,0,1,0,0,0,0,0,0,0,0,1,0,0
RG210294,70,3.6,41,0,0,0,1,F,135,135,South,Lake,Lake,1.594,1.567,0.293,0,4,3,0,0,0,0,0,0,0,0,0,0,0,0,0,0,0,0,0,2,0,0,0,7,0,0.571428571,0.428571429,0,0,0,0,0,0,0,0,0,0,0,0,0,0,0,0,0,1,0,0,0,0,0,0,0,0
RG210295,46,0.65,24,0,0,0,0,F,135,135,South,Lake,Lake,0.920,1.037,0.162,,,,,,,,,,,,,,,,,,,,,,,,,,,,,,,,,,,,,,,,,,,,,,,,,,,,,,
RG210296,49,1.14,17,0,0,0,0,F,135,135,South,Lake,Lake,1.485,1.619,0.169,0,0,0,0,0,0,0,0,0,0,0,0,0,0,9,0,0,0,0,0,0,0,0,0,9,0,0,0,0,0,0,0,0,0,0,0,0,0,0,1,0,0,0,0,0,0,0,0,0,1,0,0,0,0
RG210297,48,1,26,0,0,0,0,F,135,135,South,Lake,Lake,1.390,1.366,0.221,1,0,0,0,0,2,0,0,0,0,0,0,0,0,0,0,0,0,0,0,1,0,0,0,3,0.333333333,0,0,0,0,0.666666667,0,0,0,0,0,0,0,0,0,0,0,0,0,0,0.333333333,0.666666667,0,0,0,0,0,0,0
RG210298,38,0.36,19,0,0,0,0,F,135,135,South,Lake,Lake,0.964,0.656,0.106,0,0,0,0,0,0,0,0,0,0,0,0,0,0,0,0,0,0,0,0,0,0,0,0,0,0,0,0,0,0,0,0,0,0,0,0,0,0,0,0,0,0,0,0,0,0,0,0,0,0,0,0,0,0
RG210299,45,0.77,21,0,0,0,0,F,135,135,South,Lake,Lake,1.053,1.059,0.218,,,,,,,,,,,,,,,,,,,,,,,,,,,,,,,,,,,,,,,,,,,,,,,,,,,,,,
RG210300,40,0.37,16,0,0,0,0,F,135,135,South,Lake,Lake,0.862,0.871,0.123,,,,,,,,,,,,,,,,,,,,,,,,,,,,,,,,,,,,,,,,,,,,,,,,,,,,,,
RG210301,62,1.82,30,0,0,0,0,M,124,124,North,Lake,Lake,1.657,1.906,0.173,0,0,0,0,1,1,1,0,0,0,0,0,0,0,0,0,0,0,0,0,1,0,0,0,3,0,0,0,0,0.333333333,0.333333333,0.333333333,0,0,0,0,0,0,0,0,0,0,0,0,0,0.333333333,0.333333333,0.333333333,0,0,0,0,0,0
RG210302,52,1.38,31,0,0,0,0,F,124,124,North,Lake,Lake,1.406,1.372,0.222,0,0,2,0,0,3,0,0,0,0,0,0,0,0,0,0,0,0,0,0,2,0,0,0,5,0,0,0.4,0,0,0.6,0,0,0,0,0,0,0,0,0,0,0,0,0,0,0.4,0.6,0,0,0,0,0,0,0
RG210303,60,2.23,,0,0,0,0,F,124,124,North,Lake,Lake,1.720,1.642,0.304,0,0,0,0,0,1,0,0,3,0,0,0,0,0,30,0,0,0,0,0,1,0,0,0,34,0,0,0,0,0,0.029411765,0,0,0.088235294,0,0,0,0,0,0.882352941,0,0,0,0,0,0,0.029411765,0.088235294,0,0.882352941,0,0,0,0
RG210304,69,3.3,39,0,0,0,0,F,124,124,North,Lake,Lake,1.665,1.633,0.262,,,,,,,,,,,,,,,,,,,,,,,,,,,,,,,,,,,,,,,,,,,,,,,,,,,,,,
RG210305,61,1.54,45,0,0,0,0,F,124,124,North,Lake,Lake,1.739,1.708,0.230,,,,,,,,,,,,,,,,,,,,,,,,,,,,,,,,,,,,,,,,,,,,,,,,,,,,,,
RG210306,53,1.34,38,0,0,0,0,F,124,124,North,Lake,Lake,1.053,1.059,0.187,6,0,0,0,0,0,0,0,5,68,0,0,0,0,0,0,10,0,0,0,3,0,0,0,89,0.06741573,0,0,0,0,0,0,0,0.056179775,0.764044944,0,0,0,0,0,0,0.112359551,0,0,0,0.06741573,0,0.056179775,0.764044944,0,0.112359551,0,0,0
RG210307,62,1.75,35,0,0,0,0,F,124,124,North,Lake,Lake,1.440,1.550,0.209,0,0,0,0,0,2,0,0,0,0,0,0,0,0,0,0,0,0,0,0,1,3,0,0,2,0,0,0,0,0,1,0,0,0,0,0,0,0,0,0,0,0,0,0,0,0,1,0,0,0,0,0,0,0
RG210308,70,3.14,45,1,6,0.6,0,F,124,124,North,Lake,Lake,1.633,1.478,0.271,0,3,0,0,0,1,2,7,7,13,0,0,0,0,318,0,11,0,0,0,1,2,0,0,362,0,0.008287293,0,0,0,0.002762431,0.005524862,0.019337017,0.019337017,0.035911602,0,0,0,0,0.878453039,0,0.03038674,0,0,0,0.008287293,0.002762431,0.044198895,0.035911602,0.878453039,0.03038674,0,0,0
RG210309,40,0.4,27,0,0,0,0,F,124,124,North,Lake,Lake,0.672,0.636,0.107,0,4,0,0,0,7,0,0,0,0,0,0,0,0,0,0,0,0,0,0,1,0,0,0,11,0,0.363636364,0,0,0,0.636363636,0,0,0,0,0,0,0,0,0,0,0,0,0,0,0.363636364,0.636363636,0,0,0,0,0,0,0
RG210310,61,1.72,39,0,0,0,0,F,124,124,North,Lake,Lake,1.461,1.413,0.273,,,,,,,,,,,,,,,,,,,,,,,,,,,,,,,,,,,,,,,,,,,,,,,,,,,,,,
RG210311,68,2.37,38,0,0,0,0,M,124,124,North,Lake,Lake,2.215,2.272,0.272,0,0,0,0,0,0,0,16,0,0,1,0,0,0,48,0,0,0,0,0,2,0,0,0,65,0,0,0,0,0,0,0,0.246153846,0,0,0.015384615,0,0,0,0.738461538,0,0,0,0,0,0,0,0.246153846,0.015384615,0.738461538,0,0,0,0
RG210312,65,2,42,0,0,0,0,F,124,124,North,Lake,Lake,1.610,1.549,0.243,,,,,,,,,,,,,,,,,,,,,,,,,,,,,,,,,,,,,,,,,,,,,,,,,,,,,,
RG210313,55,1.13,34,0,0,0,0,F,124,124,North,Lake,Lake,1.343,1.295,0.206,,,,,,,,,,,,,,,,,,,,,,,,,,,,,,,,,,,,,,,,,,,,,,,,,,,,,,
RG210314,67,2.47,41,0,0,0,0,F,124,124,North,Lake,Lake,1.484,1.335,0.282,0,0,0,0,0,1,0,7,89,0,0,0,2,0,185,0,0,0,0,0,3,5,0,0,284,0,0,0,0,0,0.003521127,0,0.024647887,0.313380282,0,0,0,0.007042254,0,0.651408451,0,0,0,0,0,0,0.003521127,0.338028169,0.007042254,0.651408451,0,0,0,0
RG210315,62,2.05,36,0,0,0,0,F,124,124,North,Lake,Lake,1.690,1.709,0.248,,,,,,,,,,,,,,,,,,,,,,,,,,,,,,,,,,,,,,,,,,,,,,,,,,,,,,
RG210316,59,1.35,31,0,0,0,0,F,124,124,North,Lake,Lake,1.575,1.618,0.190,0,0,0,0,0,3,0,0,0,0,0,0,0,0,0,0,0,0,0,0,1,16,0,0,3,0,0,0,0,0,1,0,0,0,0,0,0,0,0,0,0,0,0,0,0,0,1,0,0,0,0,0,0,0
RG210317,67,2.82,37,0,0,0,0,F,124,124,North,Lake,Lake,1.680,1.612,0.277,,,,,,,,,,,,,,,,,,,,,,,,,,,,,,,,,,,,,,,,,,,,,,,,,,,,,,
RG210318,72,3,42,0,0,0,0,F,124,124,North,Lake,Lake,1.767,1.848,0.280,,,,,,,,,,,,,,,,,,,,,,,,,,,,,,,,,,,,,,,,,,,,,,,,,,,,,,
RG210319,44,0.6,20,0,0,0,0,M,124,124,North,Lake,Lake,0.996,0.972,0.190,,,,,,,,,,,,,,,,,,,,,,,,,,,,,,,,,,,,,,,,,,,,,,,,,,,,,,
RG210320,55,1.31,38,0,0,0,0,F,124,124,North,Lake,Lake,1.358,1.288,0.262,3,2,3,0,0,0,30,3,40,9,0,0,0,0,43,0,13,0,0,0,2,0,0,0,146,0.020547945,0.01369863,0.020547945,0,0,0,0.205479452,0.020547945,0.273972603,0.061643836,0,0,0,0,0.294520548,0,0.089041096,0,0,0,0.054794521,0,0.5,0.061643836,0.294520548,0.089041096,0,0,0
RG210321,60,1.64,,0,0,0,0,F,124,124,North,Lake,Lake,0.914,1.144,0.241,,,,,,,,,,,,,,,,,,,,,,,,,,,,,,,,,,,,,,,,,,,,,,,,,,,,,,
RG210322,46,0.78,20,0,0,0,0,M,124,124,North,Lake,Lake,1.104,1.111,0.128,1,0,1,0,0,2,0,0,1,0,0,0,0,0,3,2,3,0,0,0,2,0,0,0,13,0.076923077,0,0.076923077,0,0,0.153846154,0,0,0.076923077,0,0,0,0,0,0.230769231,0.153846154,0.230769231,0,0,0,0.153846154,0.153846154,0.076923077,0,0.384615385,0.230769231,0,0,0
RG210323,56,1.5,37,0,0,0,0,F,124,124,North,Lake,Lake,1.270,1.197,0.223,,,,,,,,,,,,,,,,,,,,,,,,,,,,,,,,,,,,,,,,,,,,,,,,,,,,,,
RG210324,49,0.9,,0,0,0,0,F,124,124,North,Lake,Lake,1.046,1.042,0.155,,,,,,,,,,,,,,,,,,,,,,,,,,,,,,,,,,,,,,,,,,,,,,,,,,,,,,
RG210325,48,0.77,,0,0,0,0,F,124,124,North,Lake,Lake,1.049,1.023,0.153,0,0,0,0,0,0,0,0,2,0,0,1,0,0,0,0,0,0,0,6,1,0,0,0,9,0,0,0,0,0,0,0,0,0.222222222,0,0,0.111111111,0,0,0,0,0,0,0,0.666666667,0,0,0.222222222,0.111111111,0,0,0,0,0.666666667
RG210326,55,1.43,28,0,0,0,1,F,124,124,North,Lake,Lake,1.283,1.301,0.158,0,0,0,0,0,1,0,0,2,0,0,0,0,0,0,0,0,0,0,0,1,3,0,0,3,0,0,0,0,0,0.333333333,0,0,0.666666667,0,0,0,0,0,0,0,0,0,0,0,0,0.333333333,0.666666667,0,0,0,0,0,0
RG210327,50,0.96,26,0,0,0,0,F,124,124,North,Lake,Lake,1.075,1.003,0.121,0,0,0,0,0,0,5,29,38,4,0,0,12,0,5,0,0,0,0,0,1,0,0,0,93,0,0,0,0,0,0,0.053763441,0.311827957,0.408602151,0.043010753,0,0,0.129032258,0,0.053763441,0,0,0,0,0,0,0,0.774193548,0.172043011,0.053763441,0,0,0,0
RG210328,59,1.7,35,0,0,0,1,F,124,124,North,Lake,Lake,1.397,1.388,0.164,0,0,8,0,1,0,0,6,22,16,0,0,0,0,85,0,0,0,0,0,2,9,18,0,138,0,0,0.057971014,0,0.007246377,0,0,0.043478261,0.15942029,0.115942029,0,0,0,0,0.615942029,0,0,0,0,0,0.065217391,0,0.202898551,0.115942029,0.615942029,0,0,0,0
RG210329,61,1.9,37,0,0,0,0,F,124,124,North,Lake,Lake,1.368,1.335,0.157,,,,,,,,,,,,,,,,,,,,,,,,,,,,,,,,,,,,,,,,,,,,,,,,,,,,,,
RG210330,65,2.04,37,0,0,0,0,F,124,124,North,Lake,Lake,1.589,1.737,0.279,,,,,,,,,,,,,,,,,,,,,,,,,,,,,,,,,,,,,,,,,,,,,,,,,,,,,,
RG210331,55,1.3,27,0,0,0,0,F,124,124,North,Lake,Lake,1.297,1.308,0.274,,,,,,,,,,,,,,,,,,,,,,,,,,,,,,,,,,,,,,,,,,,,,,,,,,,,,,
RG210332,50,0.8,22,0,0,0,0,F,124,124,North,Lake,Lake,1.290,1.208,0.174,0,0,0,0,0,3,0,6,4,1,0,0,0,0,15,0,0,0,0,0,2,0,0,0,29,0,0,0,0,0,0.103448276,0,0.206896552,0.137931034,0.034482759,0,0,0,0,0.517241379,0,0,0,0,0,0,0.103448276,0.344827586,0.034482759,0.517241379,0,0,0,0
RG210333,59,1.71,36,0,0,0,0,M,124,124,North,Lake,Lake,1.730,1.652,0.185,0,0,0,0,0,2,0,1,0,0,0,0,0,0,60,0,0,0,0,0,1,0,0,0,63,0,0,0,0,0,0.031746032,0,0.015873016,0,0,0,0,0,0,0.952380952,0,0,0,0,0,0,0.031746032,0.015873016,0,0.952380952,0,0,0,0
RG210334,63,2,38,0,0,0,0,F,124,124,North,Lake,Lake,1.339,1.473,0.174,,,,,,,,,,,,,,,,,,,,,,,,,,,,,,,,,,,,,,,,,,,,,,,,,,,,,,
RG210335,57,1.3,37,0,0,0,0,F,124,124,North,Lake,Lake,1.112,1.250,0.139,1,2,1,0,0,7,0,9,0,6,0,0,0,0,25,0,2,0,0,0,2,11,0,0,53,0.018867925,0.037735849,0.018867925,0,0,0.132075472,0,0.169811321,0,0.113207547,0,0,0,0,0.471698113,0,0.037735849,0,0,0,0.075471698,0.132075472,0.169811321,0.113207547,0.471698113,0.037735849,0,0,0
RG210336,55,1.3,,0,0,0,0,M,124,124,North,Lake,Lake,1.619,1.516,0.154,,,,,,,,,,,,,,,,,,,,,,,,,,,,,,,,,,,,,,,,,,,,,,,,,,,,,,
RG210337,59,1.52,25,0,0,0,0,F,124,124,North,Lake,Lake,1.057,1.191,0.160,0,1,0,0,0,1,2,0,7,0,0,4,0,0,1,0,0,0,0,0,2,0,0,0,16,0,0.0625,0,0,0,0.0625,0.125,0,0.4375,0,0,0.25,0,0,0.0625,0,0,0,0,0,0.0625,0.0625,0.5625,0.25,0.0625,0,0,0,0
RG210338,65,1.77,41,0,0,0,0,F,124,124,North,Lake,Lake,1.397,1.566,0.262,0,0,0,0,0,0,0,26,15,0,0,0,0,0,113,0,0,0,0,0,3,48,0,0,154,0,0,0,0,0,0,0,0.168831169,0.097402597,0,0,0,0,0,0.733766234,0,0,0,0,0,0,0,0.266233766,0,0.733766234,0,0,0,0
RG210339,62,1.8,,0,0,0,0,F,124,124,North,Lake,Lake,1.178,1.228,0.208,,,,,,,,,,,,,,,,,,,,,,,,,,,,,,,,,,,,,,,,,,,,,,,,,,,,,,
RG210340,56,1.6,36,0,0,0,0,F,124,124,North,Lake,Lake,0.971,0.971,0.174,0,0,2,0,0,0,1,1,5,0,0,3,0,0,5,0,0,0,0,0,2,0,0,0,17,0,0,0.117647059,0,0,0,0.058823529,0.058823529,0.294117647,0,0,0.176470588,0,0,0.294117647,0,0,0,0,0,0.117647059,0,0.411764706,0.176470588,0.294117647,0,0,0,0
RG210341,69,2.3,44,0,0,0,0,F,124,124,North,Lake,Lake,1.591,1.675,0.246,0,0,3,0,0,5,0,0,0,0,0,0,0,0,0,0,0,0,1,0,2,0,0,0,9,0,0,0.333333333,0,0,0.555555556,0,0,0,0,0,0,0,0,0,0,0,0,0.111111111,0,0.333333333,0.555555556,0,0,0,0,0,0.111111111,0
RG210342,51,1.08,32,0,0,0,0,F,124,124,North,Lake,Lake,1.011,1.132,0.194,,,,,,,,,,,,,,,,,,,,,,,,,,,,,,,,,,,,,,,,,,,,,,,,,,,,,,
RG210343,63,1.75,40,0,0,0,0,F,124,124,North,Lake,Lake,1.538,1.431,0.220,,,,,,,,,,,,,,,,,,,,,,,,,,,,,,,,,,,,,,,,,,,,,,,,,,,,,,
RG210344,66,2.3,40,0,0,0,0,F,124,124,North,Lake,Lake,1.404,1.511,0.235,,,,,,,,,,,,,,,,,,,,,,,,,,,,,,,,,,,,,,,,,,,,,,,,,,,,,,
RG210345,38,0.28,15,0,0,0,0,M,124,124,North,Lake,Lake,0.766,0.858,0.126,,,,,,,,,,,,,,,,,,,,,,,,,,,,,,,,,,,,,,,,,,,,,,,,,,,,,,
RG210346,58,1.42,27,0,0,0,0,M,124,124,North,Lake,Lake,1.453,1.309,0.190,0,0,0,0,0,0,0,0,0,0,0,0,0,0,44,0,0,0,0,0,1,0,0,0,44,0,0,0,0,0,0,0,0,0,0,0,0,0,0,1,0,0,0,0,0,0,0,0,0,1,0,0,0,0
RG210347,55,1.41,26,0,0,0,0,F,124,124,North,Lake,Lake,0.947,1.019,0.121,0,3,1,0,0,3,9,44,246,0,0,0,0,0,38,3,8,0,0,0,3,0,0,0,355,0,0.008450704,0.002816901,0,0,0.008450704,0.025352113,0.123943662,0.692957746,0,0,0,0,0,0.107042254,0.008450704,0.022535211,0,0,0,0.011267606,0.008450704,0.842253521,0,0.115492958,0.022535211,0,0,0
RG210348,59,1.58,24,0,0,0,0,F,124,124,North,Lake,Lake,1.527,1.475,0.268,0,2,0,0,0,2,11,17,0,0,1,0,0,0,2,0,0,0,0,0,2,0,0,0,35,0,0.057142857,0,0,0,0.057142857,0.314285714,0.485714286,0,0,0.028571429,0,0,0,0.057142857,0,0,0,0,0,0.057142857,0.057142857,0.8,0.028571429,0.057142857,0,0,0,0
RG210349,69,2.5,35,0,0,0,0,F,124,124,North,Lake,Lake,1.696,1.718,0.314,,,,,,,,,,,,,,,,,,,,,,,,,,,,,,,,,,,,,,,,,,,,,,,,,,,,,,
RG210350,73,3.4,50,1,1,0.28,0,F,124,124,North,Lake,Lake,1.627,1.651,0.332,,,,,,,,,,,,,,,,,,,,,,,,,,,,,,,,,,,,,,,,,,,,,,,,,,,,,,