fish_id,sex,length,gut_length,Gap,raker_length,Comp1,Comp2,Comp3,Station,basin,tanypodinae,orthocladinae,chironominii,tanytarsini,unknown larvae,adult_fly,Alona rectangula,Alona affinis/quad,Unknown alona,alonella nana,macrothrix hirsuticornix,acroperus harpae,daphnia longispina,resting eggs,Copepods_adult,Copepods_nauplii,ostracod,snail,bivalve,stickleback_eggs,chrinominae,alona,copepods,other_cladocerans,mollusks,Site,gut_length_res,Gap_res,raker_length_res,length_z,gut_length_z,Gap_z,raker_length_z,Comp1_z,Comp2_z,Comp3_z
RG210001,F,69,34,0.187,1.352,-0.0375315775983624,-0.038028456195102,-0.0173987833471977,Shore,North,0,0,0,0,0,5,0,1,0,0,0,0,0,0,0,0,0,0,0,2,0,1,0,0,0,Shore/North,-3.60905214626159,-0.06340777780911985,-0.2342856296522892,1.6302831617761162,-0.641358272953218,-1.343998551430866,-1.2647959394463015,-0.6843615249698443,-0.8536370472967529,-0.7142412522376036
RG210007,F,48,25,0.116,1.1185,-0.074804374683143507,0.0376942386259962,-0.0138957669065145,Shore,North,0,0,0,0,0,0,0,0,0,0,0,0,0,0,0,0,0,0,0,0,0,0,0,0,0,Shore/North,1.8858980610892748,-0.05016201653172301,0.056408921367516095,-0.8706405821400109,0.33513960851990726,-1.0632398719040157,0.3045247580915083,-1.379707054797258,0.8111235186361674,-0.5748172684721707
RG210008,F,58,25,0.205,1.5514999999999999,0.0759885182364874,9.7047099888982e-4,-0.0141840664279776,Shore,North,0,4,0,0,0,5,0,1,0,0,0,0,0,0,0,0,0,0,0,0,0,1,0,0,0,Shore/North,-5.0164591805069225,-0.0012790457114377875,0.23979246850092722,0.3202754863914782,-0.8914660874830808,-0.02711080001196637,1.294524725737119,1.4334213450625402,0.0037528839469142066,-0.5862919128196046
RG210009,F,48,28,0.162,1.0165,0.165990074942387,-0.0735383951899709,-0.0022616107680461,Shore,North,0,4,1,0,0,13,0,0,0,0,0,0,0,0,3,0,0,0,0,0,1,0,3,0,0,Shore/North,4.885898061089195,-0.004162016531723381,-0.04559107863248538,-0.8706405821400109,0.8682643018975417,-0.08821858111013946,-0.24612440470601915,3.112452301355025,-1.634321705667765,-0.11176480382031408
RG210010,M,58,30,0.212,1.528,-0.081594930163962,0.0194858594297444,-0.0395648613064967,Shore,North,0,0,0,0,0,0,0,0,0,0,0,0,0,0,0,0,0,0,0,0,0,0,0,0,0,Shore/North,-0.016459180506922362,0.005720954288562217,0.21629246850092737,0.3202754863914782,-0.002924931853666674,0.12126200510884216,1.1676594774455344,-1.5063887843141486,0.4108129944651823,-1.5964760192939302
RG210011,M,65,14,0.264,1.246,-0.0151847242279667,0.0873228721249472,-0.0297750494709375,Shore,North,0,0,0,0,0,0,0,0,0,0,0,0,0,0,0,0,0,0,0,0,0,0,0,0,0,Shore/North,-20.84810924962421,0.02963903386276217,-0.24043904850568376,1.1539167343635206,-3.7048806170698745,0.628232370755522,-1.298015301602813,-0.2674680849237796,1.9022071387501636,-1.2068305267476709
RG210012,M,46,25,0.201,1.165,-0.0787878992627768,-0.00406064338879669,-0.0270859680823703,Shore,North,0,1,0,0,0,1,1,3,3,0,0,0,0,0,38,2,0,0,0,0,0,7,40,0,0,Shore/North,3.2663695094084173,0.0428613893042195,0.1528322119408321,-1.1088237958463087,0.5804607477204876,0.9084949374917233,0.8250679368011006,-1.4540220036621134,-0.10685597453476525,-1.0998020710689418
RG210013,F,57,14,0.099,1.2525,0.0222283999036537,0.0191836051019157,-0.026217229368661,Shore,North,0,0,0,0,0,0,0,0,0,0,0,0,0,0,0,0,0,0,0,0,0,0,0,0,0,Shore/North,-15.32622345634731,-0.10326734279346633,-0.03424588621241396,0.20118387953832925,-2.7235960602674947,-2.1888664753769573,-0.18487714286396922,0.43049532690781106,0.40416794456249994,-1.0652252957761073
RG210014,F,49,19,0.09,1.185,-0.0327747938034796,-0.0435639866480089,-0.0234980760659095,Shore,North,0,2,0,0,0,13,0,0,0,0,0,0,0,0,0,0,0,0,0,2,0,0,0,0,0,Shore/North,-4.804337663070418,-0.08017371944969483,0.09794727608085596,-0.751548975286862,-0.8537703478357015,-1.6993713788171343,0.5287704467864788,-0.5956209794024238,-0.9753354737895275,-0.956999944180381
RG210015,F,46,18,0.142,1.278,0.122651171984095,-0.108175634866453,-0.0337848789223086,Shore,North,1,3,0,0,0,2,0,0,0,0,0,0,0,0,0,0,0,0,0,5,0,0,0,0,0,Shore/North,-3.7336304905915836,-0.016138610695780525,0.2658322119408321,-1.1088237958463087,-0.6634968701606924,-0.3420758485265198,1.4351008328414898,2.3039400673220967,-2.395820102712508,-1.3664262368440483
RG210016,F,56,27,0.118,1.007,0.0135450053949336,-0.00435840921384692,0.00531784926055537,Shore,North,0,10,0,0,1,1,4,0,6,0,0,0,0,0,10,0,2,0,0,0,0,10,10,0,0,Shore/North,-1.635987732187699,-0.08025563987549492,-0.25478424092575525,0.08209227268518034,-0.2907284860307204,-1.7011077735846558,-1.3754581270565551,0.2685015934718034,-0.11340234487455918,0.18990620739891326
RG210019,F,52,21,0.149,1.1484999999999999,-0.0533099642126136,-0.0270644984133455,-0.0313182181119396,Shore,North,0,0,0,0,0,4,0,0,0,0,0,0,0,0,0,0,0,0,0,3,0,0,0,0,0,Shore/North,-4.875044835549253,-0.03320882820360915,-0.013437659779120426,-0.39427415472741534,-0.8663355943848279,-0.7038981421920726,-0.07254349124833884,-0.9787164287661047,-0.6125948524205078,-1.268250369672656
RG210022,M,50,21,0.155,1.135,-0.0521844657546252,-0.0352296188697436,-0.0550073712225623,Shore,North,0,0,0,0,0,0,0,0,0,0,0,0,0,0,0,0,0,0,0,0,0,0,0,0,0,Shore/North,-3.4945733872300293,-0.01918542236766627,0.02298563079419718,-0.6324573684337131,-0.6210144551842331,-0.40665641915973527,0.12408841522742708,-0.957719605806729,-0.7921047151376021,-2.211105236225368
RG210023,F,57,29,0.153,1.341,0.00985630921287038,0.0546393025459885,-0.0254180386894128,Shore,North,0,1,12,0,0,6,0,0,0,0,0,0,0,0,2,0,0,0,0,0,12,0,2,0,0,Shore/North,-0.32622345634731076,-0.04926734279346634,0.054254113787586065,0.20118387953832925,-0.05797259337925214,-1.0442762644450068,0.2928919836809375,0.19968683843061566,1.1836601045020476,-1.033416610268695
RG210025,M,59,35,0.321,1.3335,-0.0316994969930735,0.00675632473704399,-0.0266024179006225,Shore,North,0,0,1,0,0,8,0,0,0,0,0,0,0,0,0,0,0,0,0,0,1,0,0,0,0,Shore/North,4.293305095333466,0.11070925137059077,-0.003169176785731451,0.4393670932446271,0.7629556541754501,2.3466060255256087,-0.017108868076670156,-0.5755606971367052,0.13095465834613845,-1.0805562314243444
RG210026,F,54,21,0.164,1.134,0.0421914128601365,0.0386020683140799,0.0201931264383414,Shore,North,2,0,4,0,0,13,0,0,2,1,0,0,0,0,0,0,0,0,0,4,4,2,0,1,0,Shore/North,-6.2555162838684755,-0.026232234039552015,-0.07786095035243784,-0.15609094102111748,-1.1116567335854226,-0.5560214498619841,-0.42033399143322675,0.8029168489525009,0.8310821198042262,0.7819589250668509
RG210027,M,52,20,0.149,1.342,-0.0935939337626933,0.0227074954897808,-0.0331102646665819,Shore,North,0,0,0,0,0,6,0,0,0,0,0,0,0,0,0,0,0,0,0,0,0,0,0,0,0,Shore/North,-5.875044835549254,-0.03320882820360915,0.1800623402208798,-0.39427415472741534,-1.044043825510711,-0.7038981421920726,0.9720703617057802,-1.7302371178798521,0.4816405407273337,-1.3395758327334626
RG210028,F,57,26,0.258,1.1705,0.00156609811787714,0.0396077179601214,0.0596784982208273,Shore,North,0,1,2,0,0,0,0,0,0,0,0,0,0,0,0,0,0,0,0,0,2,0,0,0,0,Shore/North,-3.3262234563473108,0.05573265720653368,-0.11624588621241382,0.20118387953832925,-0.5910972867569007,1.1813158123671204,-0.6275558815835429,0.04502816837918257,0.8531912890279267,2.353521013796217
RG210029,F,56,31,0.161,1.0510000000000002,0.0410389166643794,0.0277586359884415,0.0223652876270753,Shore,North,6,85,0,0,0,6,0,0,0,0,0,0,0,0,0,0,12,0,0,6,0,0,0,0,0,Shore/North,2.364012267812301,-0.03725563987549489,-0.210784240925755,0.08209227268518034,0.42010443847281087,-0.7896748278425463,-1.137923194085075,0.7814163676218413,0.5926896724971943,0.8684133769491472
RG210030,M,52,32,0.16,1.2205,0.00538618045486338,-0.0683407123881512,-0.0555984908878637,Shore,North,0,0,0,0,0,0,0,0,0,0,0,0,0,0,0,0,0,0,0,0,0,0,0,0,0,Shore/North,6.124955164450747,-0.02220882820360914,0.05856234022087963,-0.39427415472741534,1.0884549479998833,-0.47074087700223044,0.31615003543226344,0.11629400792844005,-1.5200508469359086,-2.234632461978935
RG210031,F,53,26,0.144,1.1059999999999999,0.023470560966442,0.0235452908475174,-0.0213438807161339,Shore,North,0,1,0,0,0,10,0,0,0,0,0,0,0,0,0,0,0,0,0,0,0,0,0,0,0,Shore/North,-0.5652805597088638,-0.04222053112158059,-0.08089930506577912,-0.2751825478742664,-0.10045500835571106,-0.8949112337427578,-0.4367366137781608,0.4536685580546676,0.5000594398060938,-0.871260552841382
RG210032,F,65,22,0.253,1.483,-0.00952267299162086,-0.0349346799409241,0.011825210935042,Shore,North,0,1,4,0,0,0,0,0,0,0,0,0,0,0,1,0,0,0,0,0,4,0,1,0,0,Shore/North,-12.848109249624203,0.018639033862762153,-0.00343904850568363,1.1539167343635206,-2.2832147680628108,0.39507510556567976,-0.018565776279164215,-0.1618392530469679,-0.7856204940039349,0.4489065015232752
RG210033,M,51,26,0.122,1.2645,-0.0516521485689382,-2.0211899679913e-4,-0.020091210354933,Shore,North,2,0,1,0,0,11,3,0,3,0,0,0,0,0,12,0,0,0,0,0,1,6,12,0,0,Shore/North,0.8151908886103595,-0.0561971252856377,0.1275239855075384,-0.5133657615805642,0.14486613084488367,-1.1911607311936543,0.6884409397679316,-0.9477889216491694,-0.022026462515099442,-0.8214028673120928
RG210037,M,54,20,0.274,1.079,-0.0349717541780966,0.0166803302239577,0.0160668744501486,Shore,North,0,0,0,0,0,9,0,0,0,0,0,0,0,0,0,0,0,0,0,18,0,0,0,0,0,Shore/North,-7.255516283868476,0.08376776596044799,-0.13286095035243775,-0.15609094102111748,-1.2893649647113055,1.7755512020364346,-0.717252657647575,-0.6366065424720021,0.3491335415693052,0.6177294674107296
RG210040,M,46,14,0.166,1.1755,-0.0785839748247775,0.0429697208911106,-0.00149773733404,Shore,North,3,15,1,0,0,9,3,0,7,0,0,0,0,0,9,1,0,0,0,0,1,10,10,0,0,Shore/North,-7.733630490591584,0.007861389304219498,0.16333221194083206,-1.1088237958463087,-1.3743297946642237,0.1666309118876811,0.8817524094420215,-1.450217675640719,0.9271047956098698,-0.08136178428982603
RG210042,F,63,27,0.157,1.0910000000000002,-0.0509065883147709,0.0200558432103193,0.0230941421066594,Shore,North,0,1,0,0,0,0,0,0,0,0,0,0,0,0,0,0,0,0,0,36,0,0,0,0,0,Shore/North,-6.467637801304981,-0.06933756030129497,-0.34551575793236605,0.9157335206572227,-1.1493524732328022,-1.4696869031623345,-1.8652741454785076,-0.933880065043291,0.42334406620482773,0.897422602811952
RG210043,M,51,16,0.247,1.389,-0.0648677745590869,-0.00510451425673564,-0.00243071900852283,Shore,North,0,0,0,0,0,0,0,0,0,0,0,0,0,0,0,0,0,0,0,0,0,0,0,0,0,Shore/North,-9.18480911138964,0.06880287471436229,0.25202398550753846,-0.5133657615805642,-1.6322161804139446,1.4583536459636393,1.3605568296531396,-1.1943340477157354,-0.1298054358683408,-0.11849550148447636
RG210044,F,70,31,0.287,1.2810000000000001,-0.0403484852443236,0.0459086513090785,0.0752692309159837,Shore,North,0,0,1,0,0,0,1,1,0,0,0,0,0,0,0,0,0,0,0,18,1,2,0,0,0,Shore/North,-7.299287870422262,0.03258051927290494,-0.33024727493897726,1.749374768629265,-1.2971435359313521,0.6905804338304954,-1.7828469162873537,-0.7369125619929163,0.9917170690823469,2.9740496636008817
RG210047,F,48,23,0.126,1.0234999999999999,0.0252980577947605,0.012747065944564,0.0156572981348378,Shore,North,0,0,0,0,0,0,0,0,0,0,0,0,0,0,0,0,0,0,0,0,0,0,0,0,0,Shore/North,-0.11410193891080529,-0.04016201653172338,-0.03859107863248548,-0.8706405821400109,-0.02027685373187264,-0.85127872173144,-0.20833475627873896,0.48776156554896977,0.2626608759675683,0.6014278706287683
RG210049,F,53,28,0.149,1.4985,-0.0152845671103848,0.0123617338040858,0.0555214205352058,Shore,North,0,7,0,0,0,1,0,2,2,0,0,0,0,0,116,0,1,0,0,0,0,4,116,0,0,Shore/North,1.434719440291136,-0.03722053112158059,0.31160069493422093,-0.2751825478742664,0.25496145389605457,-0.788930658656466,1.68218295875151,-0.26933071148804294,0.25418936351320837,2.1880646588044326
RG210054,M,55,29,0.242,1.2245,0.0073369646230176,0.067111077051334,0.0235169768083748,Shore,North,22,79,0,0,2,20,0,0,0,0,0,0,0,0,0,0,0,0,0,0,0,0,0,0,0,Shore/North,1.0542479919719125,0.04775606304247654,-0.012322595639096526,-0.03699933416796858,0.1873485458213426,1.0122430050197735,-0.06652379384471437,0.1526870118636877,1.457851592704628,0.9142518982450991
RG210055,M,51,25,0.21,1.2894999999999999,0.013927538202001,0.0282138751477796,0.0419038435478439,Shore,North,0,0,0,0,0,0,0,0,0,0,0,0,0,0,0,0,0,0,0,0,0,0,0,0,0,Shore/North,-0.18480911138964054,0.031802874714362286,0.15252398550753832,-0.5133657615805642,-0.03284210028099916,0.6740973903250803,0.8234039698653625,0.27563796364551535,0.6026980881026486,1.6460698195109613
RG210056,F,42,22,0.118,0.9864999999999999,-0.0599959643380163,-0.0484744836267045,0.0203639968017911,Shore,North,0,0,0,0,0,0,0,0,0,0,0,0,0,0,0,0,0,0,0,0,0,0,0,0,0,Shore/North,3.027312406046864,-0.024091799023894755,0.07417879308746689,-1.5851902232589044,0.5379783327440286,-0.5106525430831457,0.4004557873621967,-1.103447617816646,-1.0832925631215817,0.7887597572019575
RG210057,M,60,28,0.189,1.9355,0.0225720199440689,-0.0689236121021894,-0.0245471939208362,Shore,North,0,0,0,0,0,0,0,0,0,0,0,0,0,0,0,0,0,0,0,0,0,0,0,0,0,Shore/North,-3.396930628826145,-0.02530245154738065,0.5738691779276098,0.558458700097776,-0.603662533306027,-0.5363136732168868,3.0980449253052855,0.43690575697342543,-1.532865874981556,-0.9987560116297243
RG210058,F,57,27,0.138,1.35,0.00961489012218092,0.0378737948957582,0.00798358865080164,Shore,North,0,0,0,0,0,0,0,0,0,0,0,0,0,0,0,0,0,0,0,0,0,0,0,0,0,Shore/North,-2.3262234563473108,-0.06426734279346633,0.06325411378758618,0.20118387953832925,-0.4133890556310178,-1.3622179897038817,0.3414786745160134,0.19518302603510168,0.8150710563984197,0.29600562536113206
RG210060,M,56,31,0.14,1.5979999999999999,0.0240903132714559,0.0415172258324449,0.0265463425728149,Shore,North,0,0,11,0,0,2,0,0,0,0,0,0,0,0,0,0,0,0,0,0,11,0,0,0,0,Shore/North,2.364012267812301,-0.05825563987549488,0.33621575907424467,0.08209227268518034,0.42010443847281087,-1.2347932432049713,1.815067904446719,0.4652303947988064,0.8951717469830089,1.034824053789559
RG210061,F,65,42,0.308,1.3275000000000001,0.0327902529627009,0.0147414803495171,0.00500522646876828,Shore,North,0,46,0,0,0,4,0,0,0,0,0,0,0,0,0,0,0,0,0,0,0,0,0,0,0,Shore/North,7.151890750375794,0.07363903386276215,-0.15893904850568363,1.1539167343635206,1.2709498544548454,1.5608614315148888,-0.8580358234851866,0.6275327881586372,0.3065080008135451,0.1774634696085286
RG210062,F,65,44,0.182,1.2,0.0377098387384845,-0.0349606369310672,0.0170615113022392,Shore,North,0,0,0,0,0,0,0,0,0,0,0,0,0,0,0,0,0,0,0,0,0,0,0,0,0,Shore/North,9.151890750375795,-0.052360966137237855,-0.2864390485056838,1.1539167343635206,1.6263663167066111,-1.1098490606596632,-1.546347276982087,0.7193104985894546,-0.7861911574450952,0.6573171298344135
RG210063,F,82,41,0.326,1.7734999999999999,0.0162715015336672,0.00776317268042738,-0.00137601839551922,Shore,North,0,0,1,0,0,0,0,0,0,0,0,0,0,0,0,0,0,0,0,6,1,0,0,0,0,Shore/North,-5.582116560337603,0.023440084257247695,-0.13728701837888224,3.178474050867052,-0.9919880598760926,0.4968387219308489,-0.7411468797382272,0.3193659516751273,0.15309017209132955,-0.07651723400134461
RG210064,M,57,30,0.217,1.4435,-0.0604972264248175,0.00425622624313038,-0.00940009289095488,Shore,North,0,2,7,0,0,6,0,0,0,0,0,0,0,0,0,0,0,0,0,0,7,0,0,0,0,Shore/North,0.6737765436526892,0.014732657206533658,0.15675411378758608,0.20118387953832925,0.1197356377466307,0.3122750966595275,0.8462404070804057,-1.1127989511908587,0.07599008803536274,-0.3958843997363859
RG210067,M,59,22,0.16,1.2974999999999999,-0.00961306343058085,0.00906347822171895,3.734984241476e-4,Shore,North,0,0,0,0,0,0,0,0,0,0,0,0,0,0,0,0,0,0,0,0,0,0,0,0,0,Shore/North,-8.706694904666533,-0.05029074862940921,-0.03916917678573148,0.4393670932446271,-1.5472513504610266,-1.0659684922529853,-0.21145563141697132,-0.1635255388260309,0.18167733996643703,-0.006884502099291212
RG210068,M,59,28,0.269,1.416,-0.0102823183075259,0.0517909984309609,0.00928010086282567,Shore,North,0,0,6,0,0,1,0,0,13,0,0,0,0,4,5,0,0,0,0,0,6,13,5,0,0,Shore/North,-2.7066949046665343,0.058709251370590805,0.07933082321426858,0.4393670932446271,-0.4810019637057298,1.2444080446281751,0.4282691312448531,-0.17601087460430412,1.121040246853225,0.3476082657317462
RG210069,M,46,26,0.177,0.873,0.0967439788482162,-0.00197653588118293,-0.0133703765178598,Shore,North,0,8,0,0,0,10,0,0,0,0,0,0,0,0,0,0,0,0,0,3,0,0,0,0,0,Shore/North,4.266369509408417,0.018861389304219482,-0.13916778805916794,-1.1088237958463087,0.7581689788463705,0.39978817707752257,-0.7513002547368965,1.8206264352264714,-0.061036950237792764,-0.5539061416594113
RG210071,M,57,27,0.191,1.5585,-0.0345111311205681,-0.03047711139393,0.0304628760022454,Shore,North,6,14,1,0,0,14,0,0,0,0,0,0,0,0,0,0,0,0,0,0,1,0,0,0,0,Shore/North,-2.3262234563473108,-0.011267342793466334,0.27175411378758607,0.20118387953832925,-0.4133890556310178,-0.2388238937891894,1.4670703455285894,-0.6280133536308389,-0.6876210190181203,1.1907064775600837
RG210072,M,55,30,0.185,1.3250000000000002,0.097923459250471,-0.0272550883212607,-0.0260431428931127,Shore,North,2,8,0,0,0,11,0,0,0,0,0,0,0,0,0,0,0,0,0,31,0,0,0,0,0,Shore/North,2.0542479919719128,-0.009243936957523461,0.08817740436090372,-0.03699933416796858,0.36505677694722544,-0.1959355509639525,0.4760275871469606,1.8426303224947491,-0.6167849642979526,-1.0582964587718784
RG210074,M,48,25,0.108,0.9804999999999999,-0.0760005716960376,0.0172790798095023,-0.0107972504297219,Shore,North,5,15,0,0,0,4,0,0,0,0,0,0,0,0,0,0,0,0,0,1,0,0,0,0,0,Shore/North,1.8858980610891949,-0.058162016531723384,-0.08159107863248544,-0.8706405821400109,0.33513960851989305,-1.2328087920420905,-0.44047116804632047,-1.4020228000797188,0.3622970284372555,-0.4514928370078974
RG210075,F,62,42,0.165,1.5015,0.0467367478541743,0.0547260994193405,0.0310288043966125,Shore,North,0,0,0,0,0,0,0,0,0,0,0,0,0,0,0,0,0,0,0,0,0,0,0,0,0,Shore/North,9.22259792285463,-0.05732585738332353,0.08994588735429251,0.7966419138040738,1.6389315632557375,-1.2150854665598743,0.48557478008550164,0.8877126951693334,1.1855683304618352,1.2132310624727503
RG210076,F,71,50,0.227,1.5394999999999999,0.0430094157135714,0.0258622656173915,0.0328955086505114,Shore,North,0,2,2,0,0,0,0,0,1,0,0,0,0,0,0,0,0,8,1,0,2,1,0,0,9,Shore/North,11.010476405418128,-0.031431183645066474,-0.09670892022563622,1.868466375482414,1.9566522858601243,-0.6662189836693985,-0.5220851564441048,0.8181771640350594,0.5509980420079952,1.2875279857094866
RG210077,F,70,41,0.315,1.3319999999999999,0.0263995051065645,-0.039693709745358,0.0054292068976939,Shore,North,0,0,0,0,0,0,0,0,0,0,0,0,0,0,0,0,0,0,0,0,0,0,0,0,0,Shore/North,2.7007121295777368,0.06058051927290497,-0.27924727493897755,1.749374768629265,0.47993877532747575,1.2840716543137298,-1.5075223348885953,0.5083097005027604,-0.8902475832700919,0.19433836626983517
RG210078,F,47,21,0.059,0.6355,-0.0231407049763171,0.0463223844537886,-0.0204442097925365,Shore,North,0,34,0,0,0,6,0,0,0,0,0,0,0,0,0,0,0,0,0,0,0,0,0,0,0,Shore/North,-1.423866214751194,-0.10315031361375197,-0.40162943334582674,-0.9897321889931598,-0.253032746383341,-2.1863859114233564,-2.1682050120266827,-0.4158914950632149,1.0008129765346645,-0.8354526408975225
RG210081,F,57,26,0.188,1.528,0.0658383632004554,-0.00664690416175908,0.00478163337551137,Shore,North,0,0,0,0,0,0,0,0,0,0,0,0,0,0,0,0,0,0,0,0,0,0,0,0,0,Shore/North,-3.3262234563473108,-0.014267342793466337,0.2412541137875861,0.20118387953832925,-0.5910972867569007,-0.3024122388409645,1.3024154488097235,1.2440643479124156,-0.16371481927370554,0.16856421368661392
RG210082,M,60,22,0.252,1.5659999999999998,-0.0545206379063981,-0.0462293316908551,-0.0348030284814353,Shore,North,0,0,0,0,0,4,0,0,2,0,0,0,0,0,0,0,0,0,0,0,0,2,0,0,0,Shore/North,-9.396930628826144,0.03769754845261935,0.20436917792760972,0.558458700097776,-1.669911920061324,0.7990415728703892,1.103291340465251,-1.0013022448812152,-1.0339329831943147,-1.4069497313825945
RG210083,F,52,27,0.18,1.1735,0.00667516631243275,-0.0686843436498364,-0.00613417694967443,Shore,North,8,30,1,0,0,3,0,0,2,0,0,0,0,0,1,0,0,0,2,5,1,2,1,0,2,Shore/North,1.1249551644507474,-0.0022088282036091503,0.011562340220879706,-0.39427415472741534,0.19991379237046905,-0.04681857665706368,0.06241953884909311,0.14034078263206384,-1.527605567155875,-0.26589728180908695
RG210084,F,65,32,0.214,1.508,0.0677130491298942,-0.0559877902484293,0.0156593617552771,Shore,North,0,5,6,0,0,2,1,1,5,0,0,0,0,0,11,0,0,0,0,10,6,7,11,0,0,Shore/North,-2.8481092496242044,-0.020360966137237854,0.02156095149431625,1.1539167343635206,-0.5061324568039828,-0.431573380107396,0.11639725381826639,1.2790376953083877,-1.248472323471647,0.6015100050370702
RG210085,M,54,26,0.205,1.4635,0.012557559121547,0.0812383085538185,-0.0154816582547099,Shore,North,0,2,0,0,0,16,0,0,0,0,0,0,0,0,0,0,0,0,0,2,0,0,0,0,0,Shore/North,-1.2555162838684755,0.01476776596044797,0.25163904964756234,-0.15609094102111748,-0.22311557795600842,0.3130192658456079,1.3584787452509182,0.2500802136493467,1.7684382400328298,-0.6379375230666403
RG210087,F,53,25,0.171,1.077,0.0477233707933013,-0.014782432984439,-0.0290095736980788,Shore,North,0,0,0,0,0,0,0,0,0,0,0,0,0,0,0,0,0,0,0,0,0,0,0,0,0,Shore/North,-1.5652805597088637,-0.015220531121580567,-0.10989930506577904,-0.2751825478742664,-0.2781632394815939,-0.32261612827678193,-0.5932937286911806,0.9061187152162502,-0.3425741110488657,-1.1763637323334635
RG210088,F,60,35,0.364,1.1495,0.0142230495767587,0.0641863222947625,-0.0106674640016703,Shore,North,0,3,2,0,0,12,0,0,0,0,0,0,0,0,0,0,0,0,4,0,2,0,0,0,4,Shore/North,3.603069371173855,0.14969754845261934,-0.21213082207239012,0.558458700097776,0.6402950845751528,3.1730064548033243,-1.1451927409579528,0.2811508988025825,1.3935509706088551,-0.44632719158657286
RG210089,F,48,23,0.185,1.1215,0.0529733065057691,0.0581896667791514,0.0325232984813427,Shore,North,0,0,0,0,0,0,0,0,0,0,0,0,0,0,0,0,0,0,0,0,0,0,0,0,0,Shore/North,-0.11410193891080529,0.01883798346827661,0.05940892136751461,-0.8706405821400109,-0.02027685373187264,0.3992920642868024,0.32072032170319204,1.0040592942729352,1.261714727148962,1.2727136034585758
RG210090,F,57,32,0.27,1.2189999999999999,0.0387484435615046,-0.0186790395792878,-0.0194276325373763,Shore,North,0,0,0,0,0,0,0,0,0,0,0,0,0,0,0,0,0,0,0,0,0,0,0,0,0,Shore/North,2.6737765436526892,0.06773265720653368,-0.06774588621241405,0.20118387953832925,0.4751520999983963,1.4356691925742204,-0.3657276031945276,0.7386862706653072,-0.42824085884996244,-0.7949917258205379
RG210094,M,53,27,0.192,1.3239999999999998,0.043906211802901,0.0149855553107285,-0.0127156500230656,Shore,North,0,0,0,0,0,1,0,0,3,0,0,0,0,0,0,0,0,0,0,0,0,3,0,0,0,Shore/North,0.43471944029113585,0.0057794688784194225,0.13710069493422086,-0.2751825478742664,0.0772532227701717,0.12250228708564319,0.7401410086714396,0.8349074123838387,0.311873979553688,-0.527847292742567
RG210095,M,56,33,0.138,1.768,-0.0597022486543972,0.0654247173540738,0.0028058480621914,Shore,North,0,9,10,0,0,2,0,0,0,0,0,0,0,0,0,0,0,1,0,0,10,0,0,0,1,Shore/North,4.364012267812301,-0.060255639875494885,0.5062157590742448,0.08209227268518034,0.7755209007245766,-1.277185473239488,2.7328165091092522,-1.0979681823135847,1.4207770388920617,0.08992574192580813
RG210097,M,57,26,0.247,1.7650000000000001,-0.0390357799365803,-0.00879103153312827,0.0180155546366305,Shore,North,0,2,2,0,0,10,0,0,0,0,0,0,0,0,5,0,0,0,0,0,2,0,5,0,0,Shore/North,-3.3262234563473108,0.04473265720653366,0.4782541137875862,0.20118387953832925,-0.5910972867569007,0.9481585471772781,2.581864974133372,-0.7124232872641162,-0.2108533779928057,0.6952891247188423
RG210098,M,48,23,0.157,0.9475,-0.070612927318055893,-0.00958446072445301,0.00422936864968656,Shore,North,0,9,0,0,0,5,0,0,0,0,0,0,0,0,0,0,0,0,1,0,0,0,0,0,1,Shore/North,-0.11410193891080529,-0.009162016531723386,-0.11459107863248535,-0.8706405821400109,-0.02027685373187264,-0.19419915619643133,-0.6186223677749293,-1.3015131864328526,-0.22829688859023156,0.146583458108829
RG210099,M,41,21,0.127,0.754,0.0108030040119844,0.0848113846595794,-0.00282124856161109,Shore,North,0,0,0,0,0,0,0,0,0,0,0,0,0,0,0,0,0,0,0,0,0,0,0,0,0,Shore/North,2.7175481302064766,-0.011080096105923304,-0.13335956162587426,-1.7042818301120533,0.48293067121844335,-0.2348549914634267,-0.7199444211797241,0.21734797599368785,1.846992182335086,-0.13403901576472335
RG210100,M,57,29,0.227,1.412,-0.0189767791225144,-0.0179012652020401,0.00175467355266064,Shore,North,0,1,10,0,0,26,0,0,0,0,0,0,0,0,0,0,0,0,0,0,10,0,0,0,0,Shore/North,-0.32622345634731076,0.024732657206533667,0.125254113787586,0.20118387953832925,-0.05797259337925214,0.5242362468321112,0.6761869891576419,-0.3382110563671688,-0.41114151874467286,0.04808781731621937
RG210102,F,50,30,0.201,1.0755,-0.0278954989128154,0.049201892645405,0.0215660982802546,Lake,South,0,1,0,0,0,10,0,0,17,0,0,0,0,1,25,0,0,0,0,0,0,17,25,0,0,Lake/South,5.50542661276997,0.026814577632333747,-0.036514369205802914,-0.6324573684337131,0.9783596249487122,0.5683648716341492,-0.1971235964044598,-0.5045949186746549,1.0641188546206113,0.8366047444738443
RG210104,F,47,21,0.14,1.0299999999999998,-0.0320851451108383,-0.05093317548207,-0.0142283889418743,Lake,South,0,3,0,0,0,5,0,0,0,0,0,0,0,0,0,1,0,0,0,0,0,0,1,0,0,Lake/South,-1.423866214751194,-0.022150313613751936,-0.007129433345826817,-0.9897321889931598,-0.253032746383341,-0.46950059502542946,-0.038488397089218175,-0.5827551852284938,-1.137346810058558,-0.58805599859043
RG210106,F,53,36,0.151,1.1815,0.106537991513477,-0.0301326377929654,0.00998436965787955,Lake,South,0,6,0,0,0,13,8,0,0,0,0,0,0,0,0,0,0,0,0,0,0,8,0,0,0,Lake/South,9.434719440291136,-0.035220531121580585,-0.005399305065779001,-0.2751825478742664,1.6766273029031171,-0.7465384286219493,-0.02914826288391776,2.0033393910148862,-0.6800477800011301,0.37563895377183504
RG210107,F,52,22,0.157,1.173,0.0218451635702442,0.0266365391046451,0.0163928474070993,Lake,South,0,0,2,0,0,7,0,0,0,0,0,0,0,0,0,0,0,0,0,0,2,0,0,0,0,Lake/South,-3.8750448355492524,-0.025208828203609143,0.011062340220879761,-0.39427415472741534,-0.688627363258945,-0.5343292220540056,0.059720278247144785,0.42334583204436943,0.5680204151799021,0.6307035567498596
RG210109,M,48,16,0.161,1.117,-0.0113411730184214,0.0109315111011584,0.00729416762305421,Lake,South,0,0,2,0,0,3,0,0,5,0,0,0,0,0,0,0,0,0,0,0,2,5,0,0,0,Lake/South,-7.114101938910806,-0.0051620165317233825,0.054908921367514664,-0.8706405821400109,-1.2642344716130525,-0.10941469612739785,0.2964269762856547,-0.1957644200192929,0.22274597178024363,0.2685658951149734
RG210151,M,57,22,0.401,1.146,0.0101159085011753,0.0126113681881882,0.00886824184777773,Lake,South,0,1,9,0,0,5,0,0,0,0,0,0,0,0,1,0,0,0,0,0,9,0,1,0,0,Lake/South,-7.326223456347311,0.19873265720653369,-0.14074588621241402,0.20118387953832925,-1.3019302112604318,4.212360259835064,-0.7598196510790267,0.20452981289959937,0.25967756595418695,0.33121581493968205
RG210152,F,58,31,0.266,1.1865,0.0225734652294482,-0.0623040113491677,0.0245213445838181,Lake,South,0,1,6,0,0,11,0,0,29,0,0,0,0,0,21,0,0,0,0,0,6,29,21,0,0,Lake/South,0.9835408194930778,0.05972095428856224,-0.12520753149907252,0.3202754863914782,0.1747832992722162,1.2658522160407937,-0.6759355136853757,0.43693271960586577,-1.3873342041675911,0.9542268623336546
RG210153,M,46,26,0.131,1.1335000000000002,0.0935357814022547,-0.0213213184216624,-0.0464532593836885,Lake,South,0,1,0,0,0,7,0,0,3,0,0,0,0,0,1,0,0,0,0,0,0,3,1,0,0,Lake/South,4.266369509408417,-0.027138610695780496,0.12133221194083224,-1.1088237958463087,0.7581689788463705,-0.575233113716361,0.655014518878338,1.7607756612751941,-0.48633125871458155,-1.8706419896645743
RG210154,F,41,16,0.161,0.611,0.0449123622892812,0.0531767714127305,-0.001808732431832,Lake,South,0,0,1,0,0,0,0,0,0,0,0,0,0,0,0,0,0,0,0,0,1,0,0,0,0,Lake/South,-2.2824518697935243,0.02291990389407669,-0.2763595616258743,-1.7042818301120533,-0.405610484410971,0.48581291912335706,-1.491932953337031,0.8536777300889141,1.1515064131569437,-0.09373973803337866
RG210155,M,55,31,0.149,1.224,0.0870282167384023,-0.00511159349052395,0.00176040109055396,Lake,South,0,1,0,0,0,14,0,0,0,0,0,0,0,0,0,0,0,0,0,0,0,0,0,0,0,Lake/South,3.0542479919719128,-0.04524393695752346,-0.012822595639096471,-0.03699933416796858,0.5427650080731082,-0.9589956915852531,-0.0692230544466627,1.639373288687487,-0.1299610725539559,0.04831577974910432
RG210156,F,64,39,0.176,1.3485,0.0228907499151545,0.00794733068123271,-0.00320499682425192,Lake,South,0,0,5,0,0,11,0,0,0,0,0,0,0,0,0,0,0,0,0,0,5,0,0,0,0,Lake/South,4.842126474535408,-0.05434926321926642,-0.11297740321902495,1.0348251275103717,0.8604857306774946,-1.1519932342988197,-0.6099109068391556,0.4428518484382617,0.15713887873556714,-0.1493126270784097
RG210157,F,46,16,0.143,1.0354999999999999,0.136200060768219,-0.0158088001721374,0.00720334403360425,Lake,South,0,0,0,0,0,5,0,0,0,0,0,0,0,0,0,0,0,0,0,0,0,0,0,0,0,Lake/South,-5.733630490591584,-0.015138610695780524,0.02333221194083196,-1.1088237958463087,-1.018913332412458,-0.3208797335092614,0.12595944089640596,2.55670240304753,-0.3651387546380118,0.2649510143756413
RG210158,F,73,40,0.26,1.4805,-0.0714773125308611,0.0417251136626077,0.0528087666760673,Lake,South,0,0,19,0,0,7,0,0,96,0,0,0,0,0,8,0,0,0,0,0,19,96,8,0,0,Lake/South,-0.3699950429010973,-0.006454589481009342,-0.20563221079895358,2.106649589188712,-0.06575116459929903,-0.1368122210286599,-1.11010985020242,-1.317638791184379,0.899742153023233,2.0800979923551015
RG210159,F,54,31,0.268,0.9630000000000001,0.0881290834200205,-0.0170304677599927,0.00200504046785412,Lake,South,0,0,3,0,0,7,0,0,52,0,0,0,0,0,25,0,0,0,0,0,3,52,25,0,0,Lake/South,3.744483716131524,0.07776776596044799,-0.24886095035243766,-0.15609094102111748,0.6654255776734056,1.6483745119328843,-1.3434811172996555,1.6599105916502344,-0.3919970700973982,0.05805270138411409
RG210201,F,37,19,0.122,0.823,0.101714958980879,0.132868271597229,0.0308562838325454,HS,North,0,0,0,0,0,0,0,0,0,0,0,0,0,0,0,0,0,0,0,0,0,0,0,0,0,HS,3.478491026844921,-3.328443403755959e-5,0.035487019520760554,-2.180648257524649,0.6181564873678668,-7.055006921444547e-4,0.19157742734594146,1.9133629370308747,2.90352101407187,1.2063645505019975
RG210202,F,43,26,0.208,0.74,-0.021900467378056,0.00121380779880785,-0.0272193769961803,HS,North,0,0,0,0,0,0,0,0,0,0,0,0,0,0,0,0,0,0,0,0,0,0,0,0,0,HS,6.337076681887252,0.06189649805813379,-0.19728285219919175,-1.4660986164057555,1.1261506876472627,1.3119652920057119,-1.0650356607626639,-0.39275414725663266,0.009102634239094451,-1.1051118954868888
RG210203,M,59,25,0.195,1.159,-0.0838412174812474,-0.0581280459300171,-0.0253209495514802,HS,North,0,0,0,0,0,1,0,0,2,0,0,0,0,0,1,0,0,1,0,0,0,2,1,0,1,HS,-5.706694904666534,-0.015290748629409209,-0.17766917678573135,0.4393670932446271,-1.0141266570833782,-0.32410446664894305,-0.9591508181567397,-1.5482945699526558,-1.2955257632381425,-1.0295523536715223
RG210204,F,51,26,0.235,0.893,0.0850391555365257,0.0059498251018096,0.0289720064928052,HS,North,0,0,0,0,0,1,0,0,0,0,0,0,0,0,0,0,0,0,0,0,0,0,0,0,0,HS,0.8151908886103595,0.05680287471436229,-0.24397601449246153,-0.5133657615805642,0.14486613084488367,1.2040002657565392,-1.3171096874798964,1.60226620460866,0.11322379453642355,1.1313681987365822
RG210205,M,54,20,0.176,1.308,-0.0444202265863811,-0.039847171043698,0.0100125309085456,HS,North,0,0,0,0,0,1,0,0,0,0,0,0,0,0,0,0,0,0,0,0,0,0,0,0,0,HS,-7.255516283868476,-0.014232234039552032,0.09613904964756231,-0.15609094102111748,-1.2893649647113055,-0.3016680696548843,0.5190086980448956,-0.8128732454472094,-0.8936214240780146,0.37675980313756396
RG210206,F,54,23,0.261,1.1255,0.00507216662812149,0.0524024647364985,-0.0316479241837844,HS,North,0,0,0,0,0,0,0,0,0,0,0,0,0,0,1,0,0,0,0,0,0,0,1,0,0,HS,-4.2555162838684755,0.07076776596044798,-0.08636095035243778,-0.15609094102111748,-0.7562402713336569,1.5000017068120757,-0.46622142166635305,0.11043589885676731,1.1344833103266085,-1.2813730411721047
RG210207,M,51,27,0.193,1.108,-0.0372587165566765,-0.0308158060043569,-0.015388338844802,HS,North,0,0,0,0,0,0,0,0,0,0,0,0,0,0,0,0,0,0,0,0,0,0,0,0,0,HS,1.8151908886103592,0.014802874714362303,-0.028976014492461434,-0.5133657615805642,0.32257436197076644,0.3137634350316887,-0.15642762864198703,-0.6792711448417103,-0.6950672071479123,-0.6342233058734542
RG210208,F,51,25,0.185,1.197,-0.0852306936545156,0.00864477802137784,-0.0225707111746212,HS,North,0,0,2,0,0,0,0,0,0,0,0,0,0,0,0,0,0,0,0,0,2,0,0,0,0,HS,-0.18480911138964054,0.0068028747143622946,0.060023985507538534,-0.5133657615805642,-0.03284210028099916,0.14419451489362173,0.324040758504868,-1.5742160494618564,0.1724722319849672,-0.9200897812573673
RG210209,F,61,32,0.106,1.0265,-0.0700990124302339,0.058788807836603,0.0218498483364041,HS,North,0,0,0,0,0,0,0,0,1,0,0,0,0,0,0,0,0,0,0,16,0,1,0,0,0,HS,-0.08716635298575712,-0.11231415446535209,-0.3600924673590488,0.6775503069509249,-0.015490178402793101,-2.3806237361137232,-1.9439668204015035,-1.2919258077570333,1.2748868205119,0.8478983149985412
RG210210,F,56,24,0.259,1.023,0.0120601432525486,0.0462958625000054,-0.0185142269652125,HS,North,0,0,0,0,0,0,0,0,0,0,0,0,0,0,0,0,0,1,0,0,0,0,0,0,1,HS,-4.635987732187699,0.060744360124505105,-0.23878424092575526,0.08209227268518034,-0.8238531794083689,1.287544443848772,-1.2890817877941994,0.2408006336868737,1.0002298923893618,-0.7586371594572169
RG210211,F,53,31,0.159,1.0975000000000001,0.0187693293917495,0.0652816782076787,-0.0281332383946233,HS,North,0,5,1,0,1,12,0,0,0,0,0,0,0,0,0,0,0,0,0,0,1,0,0,0,0,HS,4.434719440291135,-0.027220531121580578,-0.08939930506577885,-0.2751825478742664,0.788086147273703,-0.5769695084838824,-0.48262404401128595,0.3659643711992978,1.4176323286982966,-1.1414846042474345
RG210212,F,48,21,0.218,1.044,0.0508217552390245,-0.0134996104109105,-0.00714298331189043,HS,North,0,0,0,0,0,0,0,0,0,0,0,0,0,0,0,0,0,0,0,0,0,0,0,0,0,HS,-2.1141019389108053,0.05183798346827661,-0.0180910786324853,-0.8706405821400109,-0.3756933159836383,1.0987638598563279,-0.09766507159884434,0.9639208643042267,-0.31437130555515785,-0.3060489066300762
RG210213,M,55,20,0.124,1.3054999999999999,0.0297484259487838,0.0316938425710324,-0.00890367907855519,HS,North,0,0,2,0,0,0,0,0,0,0,0,0,0,0,0,1,0,0,0,0,2,0,1,0,0,HS,-7.945752008028088,-0.07024393695752346,0.06867740436090343,-0.03699933416796858,-1.4120255343116028,-1.4888985670167116,0.3707564236709626,0.5707857505852443,0.6792050395608565,-0.3761265731623683
RG210214,F,56,30,0.215,1.1320000000000001,0.00847802252787361,0.0545161613728726,0.00199209390576032,HS,North,0,6,5,0,0,3,1,0,18,0,0,0,0,0,0,0,0,0,0,1,5,19,0,0,0,HS,1.364012267812301,0.0167443601245051,-0.12978424092575505,0.08209227268518034,0.2423962073469281,0.35491538308940446,-0.7006429765693979,0.17397410527959414,1.1809528504941125,0.057537413690279544
RG210216,F,58,22,0.21,1.007,-0.110194699460658,-0.0273092419209726,0.0256491582488714,HS,North,0,0,0,0,0,0,0,0,0,0,0,0,0,0,0,0,0,3,0,0,0,0,0,0,3,HS,-8.016459180506923,0.0037209542885622174,-0.3047075314990727,0.3202754863914782,-1.4245907808607294,0.07886977507432548,-1.6449700697849332,-2.039933977858876,-0.6179755291281753,0.9991151113012094
RG210217,M,60,20,0.184,1.4335,-0.103809629653473,-0.0256836772696857,-0.0301379403358629,HS,North,0,0,0,0,0,0,0,0,1,0,0,0,0,0,1,0,0,3,0,0,0,1,1,0,3,HS,-11.396930628826144,-0.030302451547380656,0.07186917792760994,0.558458700097776,-2.0253283823130896,-0.6422942483031786,0.3879872809488665,-1.920816817481478,-0.5822375520893164,-1.2212739902359881
RG210218,F,64,26,0.28,1.3485,0.056711229430572,-0.03295093055049,0.0293743370722746,HS,North,1,0,0,0,0,0,0,0,1,0,0,0,0,0,1,0,0,3,0,0,0,1,1,0,3,HS,-8.157873525464591,0.049650736780733624,-0.11297740321902495,1.0348251275103717,-1.4497212739589822,1.0524027274960495,-0.6099109068391556,1.0737924025955827,-0.7420078390965713,1.147381407104322
RG210219,F,54,24,0.259,1.065,-0.0536275185559805,-0.0352081409666971,-0.0293587563126688,HS,North,0,0,0,0,0,0,0,0,0,0,0,0,0,0,0,0,0,0,0,0,0,0,0,0,0,HS,-3.255516283868476,0.06876776596044798,-0.14686095035243776,-0.15609094102111748,-0.5785320402077742,1.457609476777559,-0.7928319545021366,-0.9846405882177066,-0.7916325242559223,-1.1902615920815247
RG210220,M,55,25,0.154,1.2105000000000001,0.0306165062462424,0.0283280649269318,-0.0442070085515963,HS,North,0,0,0,0,0,0,0,0,0,0,0,0,0,0,0,0,0,0,0,0,0,0,0,0,0,HS,-2.9457520080280872,-0.04024393695752346,-0.026322595639096318,-0.03699933416796858,-0.5234843786821887,-0.8530151164989612,-0.14210309069927474,0.5869802892724294,0.6052085460547102,-1.7812386868683039
RG210221,M,55,20,0.193,1.3355000000000001,-0.053103738991014,-0.0316102473217072,-0.044650737003195,HS,North,0,0,0,0,0,0,0,0,0,0,0,0,0,0,0,0,0,0,0,0,0,0,0,0,0,HS,-7.945752008028088,-0.0012439369575234544,0.09867740436090368,-0.03699933416796858,-1.4120255343116028,-0.026366630825885543,0.5327120597878815,-0.9748691782994767,-0.7125329692975191,-1.7988995769838787
RG210222,M,53,21,0.189,1.244,-0.0375758593828047,0.0451849676295505,-0.0440104451894612,HS,North,0,0,0,0,0,1,0,0,0,0,0,0,0,0,0,0,1,0,0,0,0,0,0,0,0,HS,-5.565280559708865,0.0027794688784194195,0.05710069493422099,-0.2751825478742664,-0.9889961639851254,0.058913942033868086,0.3082593123596603,-0.6851876272018473,0.9758069109093738,-1.7734152445650018
RG210223,M,58,30,0.203,1.5790000000000002,0.00253228947799836,0.0139186178437448,0.013731961716819,HS,North,0,0,0,0,0,0,0,0,2,0,0,0,0,0,0,0,0,1,0,0,0,2,0,0,1,HS,-0.016459180506922362,-0.0032790457114377615,0.2672924685009275,0.3202754863914782,-0.002924931853666674,-0.06950303004648252,1.442984058844295,0.06305302553412032,0.28841739991732873,0.5247973214908099
RG210224,M,63,23,0.23,1.2555,0.013728044232295,0.0482888033408495,-0.0156419336827113,HS,North,0,0,0,0,0,0,0,0,0,0,0,1,0,0,0,0,0,0,0,0,0,0,0,1,0,HS,-10.46763780130498,0.0036624396987050387,-0.1810157579323662,0.9157335206572227,-1.8601853977363332,0.07762949309752502,-0.9772174074374108,0.2719162885657765,1.0440446209844414,-0.6443166648862849
RG210225,M,53,28,0.176,1.317,0.0074168730367806,-0.0035117155190968,-0.0239220741657519,HS,North,0,5,15,0,0,6,0,0,0,0,0,0,0,0,0,0,0,0,0,0,15,0,0,0,0,HS,1.434719440291136,-0.010220531121580593,0.13010069493422097,-0.2751825478742664,0.25496145389605457,-0.21663555319049072,0.7023513602441595,0.15417774941631396,-0.09478781619495767,-0.9738755441639974
RG210226,F,52,25,0.215,1.1455000000000002,-0.00604976944368411,0.0301755672265295,-0.0281870905119402,HS,North,0,0,0,0,0,0,0,0,0,0,0,0,0,0,0,0,0,1,0,0,0,0,0,0,1,HS,-0.8750448355492525,0.03279117179639085,-0.016437659779120095,-0.39427415472741534,-0.15550266988129657,0.6950454489469785,-0.0887390548600288,-0.09705023407190413,0.6458258138514671,-1.143627978923992
RG210227,F,49,28,0.14,0.828,0.0507821834457205,0.0548649658866176,-0.0235581348704916,HS,North,0,0,0,0,0,0,0,0,0,0,0,0,0,0,0,0,0,1,0,0,0,0,0,0,1,HS,4.1956623369295825,-0.030173719449694814,-0.25905272391914413,-0.751548975286862,0.7456037322972441,-0.6395656279542166,-1.39850162300484,0.9631826296737909,1.1886213044638765,-0.959390351972299
RG210228,F,52,19,0.183,1.236,0.0694051628361603,0.0178318033491821,0.0115593338669706,HS,North,0,0,0,0,0,0,0,0,0,0,0,0,0,0,0,0,0,0,0,0,0,0,0,0,0,HS,-6.875044835549254,7.911717963908524e-4,0.0740623402208797,-0.39427415472741534,-1.2217520566365938,0.016769768394711417,0.39982711409267113,1.3106050525672355,0.3744486344372233,0.43832429597269035
RG210229,F,57,25,0.242,1.127,0.0477509427767189,0.0617333790208653,0.034148414091033,HS,North,0,0,0,0,0,0,0,0,0,0,0,0,0,0,0,0,0,0,0,0,0,0,0,0,0,HS,-4.326223456347311,0.039732657206533656,-0.15974588621241392,0.20118387953832925,-0.7688055178827834,0.8421779720909862,-0.8623915539530739,0.9066330864713587,1.3396231060168429,1.3373950276594344
RG210231,M,50,23,0.201,1.2585000000000002,0.0472848200556169,0.0397150363555499,0.0578877278907218,HS,North,0,0,0,0,0,0,0,0,0,0,0,0,0,0,0,0,0,0,0,0,0,0,0,0,0,HS,-1.494573387230029,0.026814577632333747,0.14648563079419735,-0.6324573684337131,-0.26559799293246744,0.5683648716341492,0.7908057839087383,0.8979372982338398,0.8555506798701393,2.2822463459035496
RG210232,M,55,21,0.156,1.113,-2.4601563171935e-4,0.0139013596180964,-0.0489844775257681,HS,North,0,0,0,0,0,0,0,0,0,0,0,0,0,0,0,0,0,0,0,0,0,0,0,0,0,HS,-6.945752008028087,-0.038243936957523456,-0.12382259563909645,-0.03699933416796858,-1.23431730318572,-0.8106228864644445,-0.6684589080792573,0.011222141091919945,0.2880379784827733,-1.9713873110537157
RG210233,M,59,16,0.15,1.444,0.0105573797414725,0.030494998962268,-0.0366626231174013,HS,North,0,0,0,1,0,0,0,0,0,0,0,0,0,0,0,0,0,0,0,0,1,0,0,0,0,HS,-14.706694904666534,-0.06029074862940922,0.10733082321426861,0.4393670932446271,-2.6135007372163237,-1.277929642425569,0.5794277249539763,0.2127657135428962,0.6528485084137952,-1.4809636838505549
RG210234,M,39,20,0.119,1.0154999999999998,0.0768932132813745,0.0509214552918196,-0.0518450075845961,HS,North,0,0,0,0,0,0,0,0,0,0,0,0,0,0,0,0,0,1,0,0,0,0,0,0,1,HS,3.0980195785256983,-0.011056690269980437,0.17806372894744302,-1.942465043818351,0.550543579293155,-0.2343588786727066,0.9612808163677836,1.4502989529836294,1.1019233740076402,-2.085239616127335
RG210235,F,47,24,0.126,0.869,0.0802804418502802,-0.0240201801313937,0.00211419001881548,HS,North,0,0,0,0,0,0,0,0,0,0,0,0,0,0,0,0,0,0,0,0,0,0,0,0,0,HS,1.576133785248806,-0.03615031361375194,-0.16812943334582667,-0.9897321889931598,0.2800919469943075,-0.7662462052670465,-0.9076503109166746,1.5134896558046416,-0.5456656307662102,0.062396975948315954
RG210238,M,50,21,0.105,1.1564999999999999,0.0156175278416827,0.0230459947033657,-0.0132935549042981,HS,North,0,0,0,0,0,59,0,0,0,0,0,0,0,0,0,0,0,0,0,0,0,0,0,0,0,HS,-3.4945733872300293,-0.06918542236766627,0.04448563079419703,-0.6324573684337131,-0.6210144551842331,-1.4664621700226528,0.24015662111121713,0.30716569521699777,0.48908243306498506,-0.5508485552668189
RG210239,F,44,21,0.215,0.8995,0.0620332697745855,0.0617072512758697,-0.00916788485114052,HS,North,0,0,2,0,0,0,0,0,0,0,0,0,0,0,0,0,0,3,0,0,2,0,0,0,3,HS,0.6468409577276413,0.06488479514016236,-0.0627444974858505,-1.3470070095526065,0.1149489624175512,1.375305580662127,-0.3387275001052416,1.1730781351461446,1.339048688536744,-0.3866422592778712
RG210240,F,46,16,0.165,1.004,-0.08975135322717,-0.0105929244418221,-0.0258650804965756,HS,North,0,0,0,0,0,0,0,0,0,0,0,0,0,0,0,0,0,0,0,0,0,0,0,0,0,HS,-5.733630490591584,0.006861389304219495,-0.008167788059167902,-1.1088237958463087,-1.018913332412458,0.14543479687042266,-0.04409397702635667,-1.6585515614591633,-0.25046792506505094,-1.0512093756523995
RG210242,F,36,15,0.157,0.503,0.0102696437708246,-0.010300579798221,-0.00493930626670997,HS,North,0,0,0,0,0,0,0,0,0,0,0,0,0,0,0,0,0,0,0,0,0,0,0,0,0,HS,0.1687267510045337,0.03897841848393388,-0.2595513351925806,-2.299739864377798,0.029984132464633065,0.8261910413762913,-1.401193386536989,0.20739783303461362,-0.24404073919325042,-0.2183400883090366
RG210243,M,42,16,0.178,0.852,0.0210505549772519,-0.0432180902821688,-0.0252759999076109,HS,North,0,0,0,0,0,0,0,0,0,0,0,0,0,0,0,0,0,0,0,0,0,0,0,0,0,HS,-2.972687593953137,0.03590820097610523,-0.060321206912533044,-1.5851902232589044,-0.5282710540112685,0.761114357952355,-0.325645314561983,0.40852195038496886,-0.9677309553408567,-1.027763307424319
RG210245,M,47,24,0.214,1.522,-0.016399277561716,0.0821492069844132,-0.00911883719799524,HS,North,0,0,2,0,0,5,0,1,3,0,2,0,0,0,0,0,0,0,1,0,2,4,0,2,1,HS,1.576133785248806,0.051849686386248046,0.4848705666541734,-0.9897321889931598,0.2800919469943075,1.099011916251688,2.61758403522823,-0.2901262779603412,1.7884643073882898,-0.38469010766463857
RG210246,F,40,17,0.127,0.61,0.0710483146892643,0.0494797046483548,-0.0420387502062257,HS,North,0,0,0,0,0,0,0,0,0,0,0,0,0,0,0,0,0,0,0,0,0,0,0,0,0,HS,-0.5922161456339141,-0.007068393187951874,-0.2523979163392156,-1.8233734369652022,-0.10524168368479098,-0.14982247499903334,-1.3625755031767395,1.3412589982124905,1.0702265409403644,-1.6949395725297896
RG210247,M,43,22,0.154,0.701,-0.0501643526877125,0.034563691105842,0.00626058557938542,HS,North,0,0,0,0,0,0,0,0,0,0,0,0,0,0,0,0,0,0,0,0,0,0,0,0,0,HS,2.3370766818872526,0.007896498058133805,-0.2362828521991918,-1.4660986164057555,0.4153177631437313,0.16737508107376134,-1.275577987714657,-0.9200332312738867,0.7422985504592594,0.22742817038062563
RG210248,F,44,15,0.245,1.0205,0.0902556101307011,-0.0138820367561643,-0.0127457538914133,HS,North,0,0,0,0,0,0,0,0,0,0,0,0,0,0,0,0,0,0,0,0,0,0,0,0,0,HS,-5.3531590422723605,0.09488479514016236,0.05825550251414952,-1.3470070095526065,-0.9513004243377461,2.0111890311798777,0.31449356556632574,1.6995821740905581,-0.32277893421201576,-0.5290454604711112
RG210249,M,52,15,0.211,1.4024999999999999,-0.0213742074199517,0.0245059054856879,-0.0505643574531837,HS,North,1,0,0,0,0,0,0,0,10,1,0,1,0,0,22,0,0,3,0,0,0,10,22,2,3,HS,-10.875044835549254,0.028791171796390846,0.24056234022087958,-0.39427415472741534,-1.9325849811401252,0.6102609888779451,1.2986808945415627,-0.38293646417364235,0.5211785160944167,-2.0342683043579797
RG210250,F,40,16,0.149,0.6599999999999999,0.0547786335325874,0.0236657481119735,-0.0213098130559692,HS,North,0,0,0,0,0,2,0,0,0,0,0,0,0,0,0,0,0,0,0,0,0,0,0,0,0,HS,-1.592216145633914,0.014931606812048113,-0.2023979163392157,-1.8233734369652022,-0.2829499148106738,0.31649205538065006,-1.0926494429818776,1.0377387113319592,0.5027076881842114,-0.8699046217522309
RG210251,F,66,43,0.279,1.2454999999999998,0.00553744854789566,0.0604796988979809,-0.00869758005929376,Lake,South,4,4,10,0,0,6,0,0,0,0,0,0,0,0,0,0,0,0,0,0,10,0,0,0,0,Lake/South,7.461655026216183,0.04062733094479074,-0.2659006937923426,1.2730083412166695,1.325997515980431,0.8611415795500039,-1.4354705335689515,0.11911600146051281,1.312060996192268,-0.36792360100903954
RG210253,F,64,41,0.175,1.3065,0.0153440402605448,0.0697927263353418,-0.0285206337116663,Lake,South,0,2,5,0,0,2,2,0,1,0,0,0,0,0,1,0,0,1,0,0,5,3,1,0,1,Lake/South,6.842126474535408,-0.05534926321926642,-0.154977403219025,1.0348251275103717,1.2159021929292602,-1.173189349316078,-0.8366487974028404,0.3020636266339775,1.5168075502313083,-1.1569033724173245
RG210254,F,53,28,0.167,0.9125,0.135098987134099,0.0334442400133957,-0.0169577257055019,Lake,South,0,0,0,0,0,0,0,0,0,0,0,0,0,0,0,0,0,0,0,0,0,0,0,0,0,Lake/South,1.434719440291136,-0.01922053112158057,-0.27439930506577903,-0.2751825478742664,0.25496145389605457,-0.4074005883458154,-1.481350466732278,2.5361612392664847,0.7176874607641806,-0.6966866633520824
RG210255,F,70,26,0.181,1.542,0.0200342685283189,-0.00452410732671203,0.0420366347182232,Lake,South,0,0,0,0,0,0,0,0,0,0,0,0,0,0,0,0,0,0,0,0,0,0,0,0,0,Lake/South,-12.299287870422262,-0.07341948072709506,-0.06924727493897734,1.749374768629265,-2.1856846915607666,-1.5562077579988896,-0.3738328820701718,0.3895625404517047,-0.11704521158445444,1.6513550570474274
RG210256,F,69,41,0.294,1.6385,-0.0398822338179017,-0.0347777859520873,0.0544671446551851,Lake,South,0,3,0,0,0,6,0,1,1,0,0,0,0,0,0,0,0,0,0,0,0,2,0,0,0,Lake/South,3.3909478537373476,0.043592222190876384,0.052214370347681414,1.6302831617761162,0.602599344927773,0.9239857554156976,0.2818803854701019,-0.7282143726834132,-0.7821711856259841,2.146103296170455
RG210257,F,70,42,0.256,1.2875,0.00716487235298092,-0.0242026369136096,0.0390636589884232,Lake,South,0,0,0,0,0,0,0,0,0,0,0,0,0,0,0,0,0,0,0,0,0,0,0,0,0,Lake/South,3.7007121295777368,0.0015805192729049602,-0.3237472749389773,1.749374768629265,0.6576470064533586,0.03350086829548708,-1.7477565284620218,0.1494765312975078,-0.549676936184456,1.5330272881358376
RG210258,M,47,18,0.108,0.9584999999999999,-4.1234294316416e-4,-0.0553252511268004,-0.00727425513636806,Lake,South,0,1,2,0,0,1,0,1,5,0,0,0,0,0,0,0,0,0,0,4,2,6,0,0,0,Lake/South,-4.423866214751195,-0.054150313613751944,-0.07862943334582674,-0.9897321889931598,-0.7861574397609896,-1.1477762755776968,-0.42448266316787114,0.008119209153694577,-1.2339064260787784,-0.3112736724953653
RG210260,F,66,40,0.184,1.403,-0.0534808973848845,-0.0530326536161553,0.0193876047002017,Lake,South,0,0,0,0,0,0,0,0,0,0,0,0,0,0,0,0,0,0,0,0,0,0,0,0,0,Lake/South,4.461655026216183,-0.054372669055209294,-0.10840069379234242,1.2730083412166695,0.7928728226027825,-1.15248934708954,-0.5852034439551336,-0.981905285694857,-1.1835037569939673,0.7498982563138408
RG210264,M,47,21,0.168,0.9915,-0.0443038741650567,-0.0150638216315444,0.040509698691569,Lake,South,0,0,1,0,0,1,0,0,0,1,0,0,0,0,23,0,0,0,0,0,1,0,23,1,0,Lake/South,-1.423866214751194,0.005849686386248062,-0.0456294333458266,-0.9897321889931598,-0.253032746383341,0.12399062545780427,-0.24633146343926113,-0.8107026239113883,-0.34876042975436117,1.5905812903820418
RG210265,F,51,40,0.147,0.9175,-0.0106219281672811,-0.0281360596630635,-7.2721857162606e-4,Lake,South,0,0,0,0,0,0,0,0,0,0,0,0,0,0,0,0,0,0,0,0,0,0,0,0,0,Lake/South,14.81519088861036,-0.031197125285637714,-0.21947601449246157,-0.5133657615805642,2.6327813666072433,-0.6612578557621958,-1.184845917984414,-0.18234649243649828,-0.6361530857444399,-0.05069427323446524
RG210266,F,63,33,0.201,1.5365,0.0059020457006306,0.0652440942090003,-0.0117469845382137,Lake,South,0,0,0,0,0,0,0,0,0,0,0,0,0,0,0,0,0,0,0,0,0,0,0,0,0,Lake/South,-0.46763780130498045,-0.025337560301294956,0.09998424206763369,0.9157335206572227,-0.08310308647750503,-0.5370578424029671,0.5397670508577159,0.1259177716567603,1.416806045916659,-0.48929331986775326
RG210267,M,60,20,0.155,1.3625,-0.0336445696393534,0.0455225918188403,-0.0163618524922456,Lake,South,0,6,5,0,0,2,0,2,1,0,0,0,0,0,1,0,0,0,0,1,5,3,1,0,0,Lake/South,-11.396930628826144,-0.059302451547380654,8.691779276099724e-4,0.558458700097776,-2.0253283823130896,-1.2569815838036706,0.004692275472161918,-0.6118471493367884,0.9832295658711743,-0.67297024105773
RG210268,F,67,33,0.197,1.646,0.0539296928431099,-0.0185565554238719,-0.00509208843095847,Lake,South,0,0,0,0,0,0,0,0,0,0,0,0,0,0,0,0,0,0,0,0,0,0,0,0,0,Lake/South,-3.2285806979434275,-0.045384371973180716,0.10963766092099872,1.3920999480698184,-0.5737453648786947,-0.9619723683295748,0.5918812372277085,1.0219012330720352,-0.4255480493511756,-0.2244209898259236
RG210269,F,61,40,0.259,1.404,-0.0328475775884754,0.0778330116640848,-0.0229827586245812,Lake,South,1,0,1,0,0,3,0,0,0,0,0,0,0,0,0,0,0,0,0,0,1,0,0,0,0,Lake/South,7.912833647014241,0.04068584553464793,0.017407532640951115,0.6775503069509249,1.4061756706042692,0.8623818615268045,0.09397493406970811,-0.596978802895671,1.6935729174143437,-0.936489731970304
RG210270,F,58,34,0.122,1.0955,0.102290415425668,0.00187380420993014,0.0141188759965092,Lake,South,0,0,0,0,0,0,0,0,0,0,0,0,0,0,0,0,0,0,0,0,0,0,0,0,0,Lake/South,3.9835408194930775,-0.08427904571143778,-0.2162075314990727,0.3202754863914782,0.7079079926498646,-1.7863883464444092,-1.1672009432400265,1.9240984089511666,0.023612630238173782,0.5401969438344663
RG210271,M,53,23,0.175,0.9275,-0.0283946265310326,-0.0242644583322364,-0.00513338179925944,Lake,South,0,3,2,0,0,3,0,0,0,0,0,0,0,0,0,0,0,0,0,0,2,0,0,0,0,Lake/South,-3.565280559708864,-0.011220531121580593,-0.259399305065779,-0.2751825478742664,-0.6335797017333596,-0.2378316682077491,-1.4003726486738193,-0.5139064323061995,-0.5510360777219181,-0.22606451220416618
RG210272,F,65,29,0.291,1.4295,0.0436181670415648,-0.179565659187147,0.0191179542601131,Lake,South,1,0,0,0,0,0,0,0,4,0,0,0,0,0,0,0,0,0,0,0,0,4,0,0,0,Lake/South,-5.848109249624205,0.05663903386276213,-0.05693904850568374,1.1539167343635206,-1.0392571501816312,1.2005274762214966,-0.3073866606876677,0.8295337712071449,-3.965327072464062,0.73916586632428
RG210273,F,54,30,0.144,1.0795,0.0582128089451642,0.00988796809911382,-0.0127088795617828,Lake,South,0,0,0,0,0,0,0,0,0,0,0,0,0,0,0,0,0,0,0,0,0,0,0,0,0,Lake/South,2.744483716131524,-0.04623223403955203,-0.1323609503524378,-0.15609094102111748,0.48771734654752275,-0.9799437502071515,-0.7145533970456267,1.101805234602184,0.19980371856588716,-0.5275778207889059
RG210274,F,73,36,0.276,2.0260000000000002,-0.0210497473795354,-0.0624400277939391,0.0429265630685584,Lake,South,0,0,0,0,0,0,0,0,0,0,0,0,0,0,0,0,0,0,0,0,0,0,0,0,0,Lake/South,-4.369995042901096,0.009545410518990674,0.3398677892010467,2.106649589188712,-0.77658408910283,0.20232561924747405,1.8347834665235314,-0.3768834749601439,-1.3903245205332302,1.686775203646949
RG210275,M,61,32,0.258,1.5234999999999999,-0.0771973330574917,0.0294530481585948,0.0183486818168372,Lake,South,1,0,0,1,0,4,0,0,0,0,0,0,0,0,0,0,0,0,0,0,1,0,0,0,0,Lake/South,-0.08716635298575712,0.03968584553464793,0.136907532640951,0.6775503069509249,-0.015490178402793101,0.8411857465095461,0.7390982179354288,-1.4243490736101014,0.6299412596200828,0.7085479601686424
RG210276,F,51,40,0.106,1.065,0.0632861640584554,0.0490019866135667,-0.00379352219307803,Lake,South,0,0,0,0,0,0,0,0,0,0,0,0,0,0,0,0,0,0,0,0,0,0,0,0,0,Lake/South,14.81519088861036,-0.07219712528563771,-0.07197601449246159,-0.5133657615805642,2.6327813666072433,-1.5302985714697879,-0.38856404040956966,1.1964516007235637,1.0597239281130062,-0.17273659692216917
RG210277,F,58,41,0.15,1.1495,0.0661131340831712,-0.00469688474963718,-4.9592825176182e-4,Lake,South,0,0,0,0,0,0,0,0,0,0,0,0,0,0,0,0,0,0,0,0,0,0,0,0,0,Lake/South,10.983540819493077,-0.056279045711437777,-0.1622075314990727,0.3202754863914782,1.9518656105310443,-1.1928971259611754,-0.875680798229575,1.2491903572266234,-0.12084371665679587,-0.04148865905939607
RG210278,M,53,24,0.252,1.401,-0.00298054448586821,0.0150092717427845,-0.0106205374086057,Lake,South,0,0,0,0,0,0,0,0,0,0,0,0,0,0,0,0,0,0,0,0,0,0,0,0,0,Lake/South,-2.565280559708864,0.06577946887841941,0.21410069493422104,-0.2751825478742664,-0.4558714706074768,1.394269188121144,1.1558271413715289,-0.03979207205101774,0.3123953844105112,-0.44445946054380053
RG210279,F,61,32,0.193,1.1404999999999998,0.0259493209069107,0.0641335332830915,0.00956765620206563,Lake,South,0,2,6,0,0,0,0,3,0,0,0,0,0,0,1,0,0,0,0,0,6,3,1,0,0,Lake/South,-0.08716635298575712,-0.02531415446535209,-0.24609246735904897,0.6775503069509249,-0.015490178402793101,-0.5365617296122469,-1.3285354031572176,0.49991125457673624,1.392390406194817,0.3590532907919302
RG210281,M,44,26,0.143,1.111,-0.055813676301922,0.0651935830534043,-0.0103910583969081,Lake,South,2,3,0,0,0,1,0,0,0,0,0,0,0,0,0,0,0,0,0,0,0,0,0,0,0,Lake/South,5.64684095772764,-0.007115204859837643,0.14875550251414954,-1.3470070095526065,1.0034901180469653,-0.15081470058047425,0.803059734519027,-1.0254246220180216,1.415695560081803,-0.43532593846555595
RG210282,M,61,36,0.263,1.416,-0.0121111654524092,-0.0782817602584357,-0.0335586723838661,Lake,South,0,0,0,0,0,0,0,0,0,0,0,0,0,0,0,0,0,0,0,0,0,0,0,0,0,Lake/South,3.912833647014243,0.04468584553464793,0.029407532640951126,0.6775503069509249,0.6953427461007382,0.947166321595838,0.15875718851647516,-0.21012907303303094,-1.7386044063093657,-1.3574229628721766
RG210284,F,61,41,0.251,1.407,-0.0553733488119754,-0.0491322079766195,0.00206660750240071,Lake,South,0,0,4,0,0,0,0,0,1,0,0,0,0,0,2,0,0,0,0,0,4,1,2,0,0,Lake/South,8.912833647014242,0.032685845534647914,0.02040753264095123,0.6775503069509249,1.583883901730152,0.6928129413887374,0.11017049768140047,-1.0172100586972692,-1.0977526079414244,0.06050313842044026
RG210285,F,62,37,0.209,1.4434999999999998,0.0615074032991215,0.0302024508376301,0.0461541254327577,Lake,South,1,2,2,0,0,5,0,0,0,0,0,0,0,0,0,0,0,0,1,3,2,0,0,0,1,Lake/South,4.2225979228546295,-0.01332585738332354,0.03194588735429225,0.7966419138040738,0.7503904076263234,-0.2824564058005071,0.17246055025945972,1.1632677927087833,0.646416849019139,1.8152358061841958
RG210286,F,70,41,0.231,1.7225000000000001,-0.0663175680538444,0.0156732429548051,0.0357073182694607,Lake,South,0,0,0,0,0,0,0,0,0,0,0,0,0,0,0,0,0,0,0,0,0,0,0,0,0,Lake/South,2.7007121295777368,-0.023419480727095033,0.11125272506102277,1.749374768629265,0.47993877532747575,-0.4964020071359715,0.6006001952332823,-1.2213807816503912,0.32699276625617946,1.399441162624927
RG210287,F,61,35,0.17,1.234,-0.0139358517325466,-0.0473751959550252,0.0319330487566563,Lake,South,0,0,0,0,0,0,0,0,0,0,0,0,0,0,0,0,0,0,0,0,0,0,0,0,0,Lake/South,2.9128336470142426,-0.048314154465352074,-0.15259246735904883,0.6775503069509249,0.5176345149748554,-1.0240723750091887,-0.8237736705928241,-0.24416964812979536,-1.0591247654652571,1.2492210023173211
RG210288,F,51,29,0.153,1.1044999999999998,0.0802024607764314,-0.0270322952252836,0.00069562369708271005,Lake,South,0,0,0,0,0,0,0,0,0,0,0,1,0,0,0,0,0,0,0,0,0,0,0,1,0,Lake/South,3.815190888610359,-0.02519712528563771,-0.032476014492461715,-0.5133657615805642,0.677990824222532,-0.5340811656586455,-0.17532245285562895,1.5120348738898695,-0.6118868665556435,0.005936445099969196
RG210289,M,60,30,0.251,1.513,-0.0341268725226818,0.00445652354475545,-0.0113292224984137,Lake,South,0,10,14,0,0,4,0,0,0,0,0,0,0,0,0,0,0,0,0,0,14,0,0,0,0,Lake/South,-1.3969306288261452,0.03669754845261935,0.1513691779276098,0.558458700097776,-0.24824607105426133,0.7778454578531309,0.817169716658697,-0.620844787833906,0.0803936165943501,-0.47266592206897806
RG210290,F,43,18,0.207,0.7615000000000001,-0.0558939662974947,-0.0464593651256983,-0.00581609914759356,Lake,South,3,0,0,0,0,2,0,0,5,2,0,0,0,0,0,0,0,0,0,0,0,5,0,2,0,Lake/South,-1.6629233181127483,0.06089649805813379,-0.17578285219919168,-1.4660986164057555,-0.2955151613598001,1.2907691769884535,-0.9489674548788726,-1.0269224781994173,-1.0389902595112475,-0.25323742848998043
RG210291,F,42,20,0.2,0.7424999999999999,-0.0347456555061884,0.0398986813177656,0.0403030228792208,Lake,South,0,0,0,0,0,0,0,0,0,0,0,0,0,0,0,0,0,0,0,0,0,0,0,0,0,Lake/South,1.0273124060468632,0.05790820097610526,-0.1698212069125331,-1.5851902232589044,0.18256187049226288,1.2274288883320392,-0.9167833863887322,-0.6323885413261885,0.8595881073804945,1.5823553612168555
RG210292,F,44,22,0.166,1.0114999999999998,0.0255595208765002,-0.075367555063903,-0.00619616111652843,Lake,South,0,2,6,0,0,4,0,0,0,0,0,0,0,0,0,0,0,0,0,0,6,0,0,0,0,Lake/South,1.6468409577276415,0.01588479514016238,0.04925550251414942,-1.3470070095526065,0.29265719354343406,0.33669594481646825,0.2659068747312499,0.4926393101595784,-1.6745357159338197,-0.2683643211791564
RG210293,F,49,25,0.153,1.288,-0.016112393876361802,0.0185975816554075,0.0112054107059954,Lake,South,0,0,0,0,0,0,0,0,0,0,0,0,0,0,0,0,0,1,0,0,0,0,0,0,1,Lake/South,1.195662336929583,-0.01717371944969483,0.20094727608085594,-0.751548975286862,0.21247903891959563,-0.3640161327298584,1.0848181307878955,-0.2847742973258396,0.39128424137729423,0.4242377571609019
RG210294,F,70,41,0.293,1.5805,0.00390882596139298,-0.151887239585826,0.00273487652875121,Lake,South,0,4,3,0,0,0,0,0,0,0,0,0,0,0,0,0,0,0,0,0,3,0,0,0,0,Lake/South,2.7007121295777368,0.03858051927290494,-0.030747274938977363,1.749374768629265,0.47993877532747575,0.8177571239340456,-0.1659898157201278,0.08873310766467819,-3.3568180701301205,0.0871009952842414
RG210295,F,46,24,0.162,0.9784999999999999,-0.0185918058909789,6.6653734621569e-4,-0.00598025045987948,Lake,South,0,0,0,0,0,0,0,0,0,0,0,0,0,0,0,0,0,0,0,0,0,0,0,0,0,Lake/South,2.2663695094084173,0.0038613893042194927,-0.03366778805916801,-1.1088237958463087,0.40275251659460476,0.08184645181864757,-0.18175626772573714,-0.331029158667285,-0.002929085848630718,-0.259770834851831
RG210296,F,49,17,0.169,1.552,-0.043062379730994,-0.0253842546829721,-0.0286775169237784,Lake,South,0,0,0,0,0,0,0,0,0,0,0,0,0,0,9,0,0,0,0,0,0,0,9,0,0,Lake/South,-6.804337663070418,-0.0011737194496948158,0.4649472760808559,-0.751548975286862,-1.2091868100874672,-0.02487829245372448,2.510027728616769,-0.7875418291079418,-0.5756547579073594,-1.1631475002394367
RG210297,F,48,26,0.221,1.3780000000000001,-0.0309305342566514,-0.00130335653547113,0.0338088215918722,Lake,South,1,0,0,0,0,2,0,0,0,0,0,0,0,0,0,0,0,0,0,0,0,0,0,0,0,Lake/South,2.8858980610891942,0.05483798346827661,0.31590892136751475,-0.8706405821400109,0.5128478396457757,1.162352204908103,1.7054410105028375,-0.5612152537250198,-0.04623712792310568,1.3238788652629416
RG210298,F,38,19,0.106,0.81,-0.0372200007753857,0.00712265714540415,0.02283292003911,Lake,South,0,0,0,0,0,0,0,0,0,0,0,0,0,0,0,0,0,0,0,0,0,0,0,0,0,Lake/South,2.788255302685311,-0.020044987352008988,-0.0024746257658980228,-2.0615566506715,0.4954959177675697,-0.42487585743267137,-0.013359319668910933,-0.6785488796091574,0.1390084624124368,0.8870256715037799
RG210299,F,45,21,0.218,1.056,0.0341960398036832,-0.0785901873326276,0.00272352752136024,Lake,South,0,0,0,0,0,0,0,0,0,0,0,0,0,0,0,0,0,0,0,0,0,0,0,0,0,Lake/South,-0.04339476643197119,0.06387309222219091,0.06879385722749086,-1.2279154026994576,-0.007711607182746328,1.3538614092495083,0.3713850969404895,0.6537585525825895,-1.7453851638060958,0.08664929205959884
RG210300,F,40,16,0.123,0.8665,-0.0399323662246345,0.0541422627257729,0.0356729301343028,Lake,South,0,0,0,0,0,0,0,0,0,0,0,0,0,0,0,0,0,0,0,0,0,0,0,0,0,Lake/South,-1.592216145633914,-0.011068393187951877,0.004102083660784457,-1.8233734369652022,-0.2829499148106738,-0.2346069350680668,0.022145185622905357,-0.7291496216490825,1.1727327029568668,1.3980724762715613
RG210301,M,62,30,0.173,1.7814999999999999,-0.0819691721678967,-0.0232834899437827,-0.0091162458653138,Lake,North,0,0,0,0,1,1,1,0,0,0,0,0,0,0,0,0,0,0,0,0,0,1,0,0,0,Lake/North,-2.7774020771453696,-0.04932585738332355,0.3699458873542923,0.7966419138040738,-0.4935672102548563,-1.045516546421808,1.9971607171767305,-1.513370484773004,-0.5294695250076654,-0.38458696971715084
RG210302,F,52,31,0.222,1.389,-0.0979769226278394,0.00674738335566954,0.0129782482422028,Lake,North,0,0,2,0,0,3,0,0,0,0,0,0,0,0,0,0,0,0,0,0,2,0,0,0,0,Lake/North,5.124955164450747,0.039791171796390856,0.22706234022087976,-0.39427415472741534,0.9107467168740003,0.8434182540677871,1.2258008582889508,-1.8120043034154683,0.13075808241665893,0.49479867974073527
RG210306,F,53,38,0.187,1.056,-0.0213604223632763,0.0139120653697995,0.022014928057755,Lake,North,6,0,0,0,0,0,0,0,5,68,0,0,0,0,0,0,10,0,0,0,0,5,0,68,0,Lake/North,11.434719440291136,7.794688784194185e-4,-0.13089930506577893,-0.2751825478742664,2.032043765154883,0.016521711999351367,-0.7066626739730223,-0.3826792959896755,0.28827334402682975,0.8544686730825989
RG210307,F,62,35,0.209,1.495,-0.0690459294103301,-0.041152079347756,0.00492454438329162,Lake,North,0,0,0,0,0,2,0,0,0,0,0,0,0,0,0,0,0,0,0,0,0,0,0,0,0,Lake/North,2.222597922854631,-0.01332585738332354,0.08344588735429256,0.7966419138040738,0.39497394537455793,-0.2824564058005071,0.4504843922601698,-1.2722799365668012,-0.9223097835175006,0.17425223210332716
RG210308,F,70,45,0.271,1.5554999999999999,-0.0542989271371333,0.0184178324013188,0.0202241810468036,Lake,North,0,3,0,0,0,1,2,7,7,13,0,0,0,0,318,0,11,0,0,0,0,16,318,13,0,Lake/North,6.700712129577739,0.016580519272904982,-0.05574727493897749,1.749374768629265,1.1907716998310076,0.35144259355436275,-0.30095284581755977,-0.997166102590305,0.3873324608619585,0.7831949333184226
RG210309,F,40,27,0.107,0.654,0.00100081450078611,0.0781895373318942,-0.0250035359764138,Lake,North,0,4,0,0,0,7,0,0,0,0,0,0,0,0,0,0,0,0,0,0,0,0,0,0,0,Lake/North,9.407783854366087,-0.027068393187951876,-0.2083979163392156,-1.8233734369652022,1.6718406275740374,-0.5737447753442003,-1.1250405702052606,0.03448247642762756,1.7014111206625806,-1.0169189373326726
RG210310,F,61,39,0.273,1.437,-0.0875053395355638,-0.0564370879673662,0.0259570225769999,Lake,North,0,0,0,0,0,0,0,0,0,0,0,0,0,0,0,0,0,0,0,0,0,0,0,0,0,Lake/North,6.912833647014242,0.05468584553464794,0.05040753264095126,0.6775503069509249,1.2284674394783865,1.1591274717684217,0.2721261337983181,-1.6166508804655382,-1.2583501167358317,1.0113684569002874
RG210311,M,68,38,0.272,2.2435,-0.0658380996495226,0.0125581925655179,0.0213426926707413,Lake,North,0,0,0,0,0,0,0,16,0,0,1,0,0,0,48,0,0,0,0,0,0,16,48,1,0,Lake/North,1.0811835778969607,0.02560392510884786,0.6821760156343402,1.5111915549229673,0.19213522115042217,0.5427037415004082,3.682741685192127,-1.2124360219941652,0.2585085019120316,0.8277129506152306
RG210312,F,65,42,0.243,1.5795,-0.0821633172704659,0.0317590528600885,-0.0204355408262348,Lake,North,0,0,0,0,0,0,0,0,0,0,0,0,0,0,0,0,0,0,0,0,0,0,0,0,0,Lake/North,7.151890750375794,0.00863903386276214,0.09306095149431615,1.1539167343635206,1.2709498544548454,0.18311395539309602,0.5023915198969192,-1.5169923736508983,0.6806386852858293,-0.835107606314506
RG210313,F,55,34,0.206,1.319,0.0346562277161554,-0.0490449516888692,0.0122046677593053,Lake,North,0,0,0,0,0,0,0,0,0,0,0,0,0,0,0,0,0,0,0,0,0,0,0,0,0,Lake/North,6.054247991971913,0.011756063042476533,0.0821774043609035,-0.03699933416796858,1.075889701450757,0.24918286439847273,0.44363645992357587,0.6623436235417209,-1.0958342817735618,0.4640093087757159
RG210314,F,67,41,0.282,1.4095,-0.108219681494542,-0.0111765696315997,-0.00595040840209092,Lake,North,0,0,0,0,0,1,0,7,89,0,0,0,2,0,185,0,0,0,0,0,0,96,185,2,0,Lake/North,4.7714193020565725,0.039615628026819255,-0.12686233907900119,1.3920999480698184,0.8479204841283681,0.8396974081373844,-0.6848690274939906,-2.0030888784437764,-0.26329934236647884,-0.2585830874772204
RG210315,F,62,36,0.248,1.6995,0.0459325508443167,0.0394585652033779,0.00525595078862118,Lake,North,0,0,0,0,0,0,0,0,0,0,0,0,0,0,0,0,0,0,0,0,0,0,0,0,0,Lake/North,3.222597922854631,0.025674142616676464,0.28794588735429244,0.7966419138040738,0.5726821765004407,0.5441920798725686,1.5544819784571566,0.8727099360623872,0.8499121713431506,0.1874425787827785
RG210316,F,59,31,0.19,1.5965,-0.02591940676903,-0.0457156774340124,-0.00429527459238405,Lake,North,0,0,0,0,0,3,0,0,0,0,0,0,0,0,0,0,0,0,0,0,0,0,0,0,0,Lake/North,0.29330509533346616,-0.020290748629409213,0.25983082321426865,0.4393670932446271,0.05212272967191881,-0.4300850417352349,1.4027022085483072,-0.4677297798555107,-1.0226403138917286,-0.1927069052434929
RG210318,F,72,42,0.28,1.8075,0.0444730097069333,-0.0263686981728211,0.0256712740544491,Lake,North,0,0,0,0,0,0,0,0,0,0,0,0,0,0,0,0,0,0,0,0,0,0,0,0,0,Lake/North,2.320240681258513,0.017557113436962108,0.14632943448770525,1.987557982335563,0.4123258672527637,0.3721425957809009,0.7899625548361703,0.845481354231775,-0.5972977105936308,0.9999953451710861
RG210319,M,44,20,0.19,0.984,0.0179785847201495,-0.0591934342324131,-0.00459646585430947,Lake,North,0,0,0,0,0,0,0,0,0,0,0,0,0,0,0,0,0,0,0,0,0,0,0,0,0,Lake/North,-0.35315904227235956,0.03988479514016237,0.02175550251414953,-1.3470070095526065,-0.06275926870833179,0.8454027052306684,0.1174475416240762,0.35121257322231125,-1.3189482845499554,-0.20469465532233352
RG210320,F,55,38,0.262,1.323,0.0314402617520954,-0.0428089297944065,0.0468010250199499,Lake,North,3,2,3,0,0,0,30,3,40,9,0,0,0,0,43,0,13,0,0,0,3,73,43,9,0,Lake/North,10.054247991971913,0.06775606304247656,0.0861774043609035,-0.03699933416796858,1.786722625954288,1.4361653053649408,0.46523054473916486,0.6023479234041721,-0.9587355775776399,1.840983135398831
RG210322,M,46,20,0.128,1.1075,-0.0596003947099565,0.0384520307031257,-0.0262913676867131,Lake,North,1,0,1,0,0,2,0,0,1,0,0,0,0,0,3,2,3,0,0,0,1,1,5,0,0,Lake/North,-1.7336304905915834,-0.0301386106957805,0.09533221194083202,-1.1088237958463087,-0.3080804079089266,-0.6388214587681361,0.5146529675770083,-1.096068038227241,0.8277835486332786,-1.068176083997494
RG210323,F,56,37,0.223,1.2335,-0.0700129530854042,0.0290391292850176,4.2528648006368e-4,Lake,North,0,0,0,0,0,0,0,0,0,0,0,0,0,0,0,0,0,0,0,0,0,0,0,0,0,Lake/North,8.364012267812301,0.024744360124505108,-0.02828424092575513,0.08209227268518034,1.4863538252281077,0.5244843032274714,-0.15269307437382743,-1.2903203210372924,0.6208412689256853,-0.004823279381798445
RG210326,F,55,28,0.158,1.2919999999999998,-0.0176110166828922,0.00264960085480873,0.0145132276932006,Lake,North,0,0,0,0,0,1,0,0,2,0,0,0,0,0,0,0,0,0,0,0,0,2,0,0,0,Lake/North,0.05424799197191273,-0.036243936957523454,0.05517740436090337,-0.03699933416796858,0.009640314695459814,-0.7682306564299278,0.29787638741834943,-0.3127319702380185,0.04066848997254095,0.5558925837175179
RG210327,F,50,26,0.121,1.039,-0.0323934362755525,0.00590905036295996,-0.0170786152287464,Lake,North,0,0,0,0,0,0,5,29,38,4,0,0,12,0,5,0,0,0,0,0,0,72,5,16,0,Lake/North,1.505426612769971,-0.05318542236766626,-0.0730143692058029,-0.6324573684337131,0.267526700445181,-1.127324329746519,-0.3941696203467093,-0.5885065347390149,0.11232736345346397,-0.7014982019821908
RG210328,F,59,35,0.164,1.3925,-0.012416129464745,-0.0161811847805944,0.0232132206861052,Lake,North,0,0,8,0,1,0,0,6,22,16,0,0,0,0,85,0,0,0,0,0,8,28,85,16,0,Lake/North,4.293305095333466,-0.046290748629409205,0.055830823214268736,0.4393670932446271,0.7629556541754501,-0.9811840321839518,0.3014038829532686,-0.2158183525967188,-0.37332561609327614,0.9021620638474884
RG210329,F,61,37,0.157,1.3515000000000001,0.0350777014296043,-0.145946520896096,0.0101845745153308,Lake,North,0,0,0,0,0,0,0,0,0,0,0,0,0,0,0,0,0,0,0,0,0,0,0,0,0,Lake/North,4.912833647014242,-0.061314154465352086,-0.03509246735904867,0.6775503069509249,0.873050977226621,-1.2996218702335474,-0.18944742913489637,0.6702064587864125,-3.226211595659964,0.38360733167348143
RG210330,F,65,37,0.279,1.663,0.0686058472265555,-0.0251736769794245,0.0363031088914096,Lake,North,0,0,0,0,0,0,0,0,0,0,0,0,0,0,0,0,0,0,0,0,0,0,0,0,0,Lake/North,2.1518907503757947,0.044639033862762176,0.17656095149431628,1.1539167343635206,0.3824086988254312,0.9461740960143974,0.9531680404223403,1.2956933587977622,-0.5710252151030655,1.4231542976926002
RG210331,F,55,27,0.274,1.3025,-0.032880659524652,-0.00592187683266975,-0.00351205864300829,Lake,North,0,0,0,0,0,0,0,0,0,0,0,0,0,0,0,0,0,0,0,0,0,0,0,0,0,Lake/North,-0.9457520080280875,0.07975606304247657,0.06567740436090354,-0.03699933416796858,-0.16806791643042304,1.690518685572041,0.35456086005927145,-0.5975959654978258,-0.14777512101622506,-0.16153403190428106
RG210333,M,59,36,0.185,1.6909999999999998,-0.0196064873284864,-0.0100939932915297,-9.58700081276096e-5,Lake,North,0,0,0,0,0,2,0,1,0,0,0,0,0,0,60,0,0,0,0,0,0,1,60,0,0,Lake/North,5.293305095333466,-0.025290748629409218,0.35433082321426845,0.4393670932446271,0.9406638853013329,-0.5360656168215268,1.9128624623165962,-0.3499586261865815,-0.2394989427000584,-0.0255658922068359
RG210334,F,63,38,0.174,1.4060000000000001,0.00579703406519543,-0.0363057979378747,0.0392597311969648,Lake,North,0,0,0,0,0,0,0,0,0,0,0,0,0,0,0,0,0,0,0,0,0,0,0,0,0,Lake/North,4.532362198695019,-0.05233756030129499,-0.030515757932366112,0.9157335206572227,0.805438069151909,-1.109352947868943,-0.16473996625087414,0.12395871902345185,-0.815764471023732,1.540831181975178
RG210335,F,57,37,0.139,1.181,-0.0652670870667394,-0.0277370609170375,-0.0215473657607541,Lake,North,1,2,1,0,0,7,0,9,0,6,0,0,0,0,25,0,2,0,0,0,1,9,25,6,0,Lake/North,7.673776543652688,-0.06326734279346632,-0.10574588621241386,0.20118387953832925,1.3636932556278103,-1.3410218746866234,-0.5708714089426221,-1.2017834528829614,-0.6273811134868479,-0.8793594858718253
RG210337,F,59,25,0.16,1.124,-0.0101114456423793,-0.0805598576098492,0.00187339858422398,Lake,North,0,1,0,0,0,1,2,0,7,0,0,4,0,0,1,0,0,0,0,0,0,9,1,4,0,Lake/North,-5.706694904666534,-0.05029074862940921,-0.21266917678573125,0.4393670932446271,-1.0141266570833782,-1.0659684922529853,-1.148099060293143,-0.172823146470858,-1.7886882899449064,0.05281320674945002
RG210338,F,65,41,0.262,1.4815,-0.0441643805221054,-0.047141019502551,-0.00113322649082864,Lake,North,0,0,0,0,0,0,0,26,15,0,0,0,0,0,113,0,0,0,0,0,0,41,113,0,0,Lake/North,6.151890750375794,0.027639033862762168,-0.0049390485056836865,1.1539167343635206,1.0932416233289626,0.5858401407210052,-0.026663558085010395,-0.8081002895374775,-1.0539764050632645,-0.06685384384855504
RG210340,F,56,36,0.174,0.971,0.0484484451527974,0.0305537477389193,0.00994256798585116,Lake,North,0,0,2,0,0,0,1,1,5,0,0,3,0,0,5,0,0,0,0,0,2,7,5,3,0,Lake/North,7.364012267812301,-0.024255639875494908,-0.2907842409257552,0.08209227268518034,1.308645594102225,-0.514125332618188,-1.569804890396856,0.91964539564008,0.6541400980342776,0.3739752003350635
RG210341,F,69,44,0.246,1.633,0.00390023362933708,-0.04395011907083,0.0342306702752962,Lake,North,0,0,3,0,0,5,0,0,0,0,0,0,0,0,0,0,0,0,1,0,3,0,0,0,1,Lake/North,6.390947853737348,-0.004407777809123611,0.04671437034768135,1.6302831617761162,1.1357240383054217,-0.09342776541270308,0.2521885188486667,0.08857281275382745,-0.9838245804207615,1.3406689160620484
RG210342,F,51,32,0.194,1.0715,-0.0100106626446375,-0.0207404737049706,0.0190649720205936,Lake,North,0,0,0,0,0,0,0,0,0,0,0,0,0,0,0,0,0,0,0,0,0,0,0,0,0,Lake/North,6.81519088861036,0.015802874714362303,-0.06547601449246164,-0.5133657615805642,1.2111155176001807,0.33495955004894706,-0.3534736525842378,-0.17094298151294074,-0.4735614097074441,0.7370571137598239
RG210343,F,63,40,0.22,1.4845000000000002,-0.0363576831317545,-0.0137355615854717,0.0153605263600459,Lake,North,0,0,0,0,0,0,0,0,0,0,0,0,0,0,0,0,0,0,0,0,0,0,0,0,0,Lake/North,6.532362198695019,-0.006337560301294971,0.0479842420676339,0.9157335206572227,1.1608545314036747,-0.13433165707505867,0.25904394825506005,-0.6624618465532162,-0.319558683154741,0.5896160210952975
RG210344,F,66,40,0.235,1.4575,-0.0546943017686043,-0.0183082749249802,0.0294804651034102,Lake,North,0,0,0,0,0,0,0,0,0,0,0,0,0,0,0,0,0,0,0,0,0,0,0,0,0,Lake/North,4.461655026216183,-0.0033726690552093033,-0.05390069379234243,1.2730083412166695,0.7928728226027825,-0.07148748120936443,-0.29098403834273345,-1.004542044405865,-0.4200896120250665,1.15160542179014
RG210345,M,38,15,0.126,0.812,0.094998773023407,-0.0689702463196754,-0.00479842492945024,Lake,North,0,0,0,0,0,0,0,0,0,0,0,0,0,0,0,0,0,0,0,0,0,0,0,0,0,Lake/North,-1.211744697314689,-4.4987352008985614e-5,-4.7462576589802095e-4,-2.0615566506715,-0.21533700673596157,-9.535570875043404e-4,-0.0025622772611164253,1.788068613870871,-1.5338911264795019,-0.2127328530557752
RG210346,M,58,27,0.19,1.381,-0.0317058671967818,-0.0108091238551697,0.0384135165007903,Lake,North,0,0,0,0,0,0,0,0,0,0,0,0,0,0,44,0,0,0,0,0,0,0,44,0,0,Lake/North,-3.0164591805069225,-0.016279045711437772,0.06929246850092738,0.3202754863914782,-0.5360496252313152,-0.3450525252708413,0.3740768604726387,-0.5756795369614327,-0.25522106094550606,1.5071508878460151
RG210347,F,55,26,0.121,0.9829999999999999,0.010399925449752,-0.0377215139098862,2.4489166749183e-4,Lake,North,0,3,1,0,0,3,9,44,246,0,0,0,0,0,38,3,8,0,0,0,1,299,41,0,0,Lake/North,-1.9457520080280872,-0.07324393695752346,-0.2538225956390966,-0.03699933416796858,-0.3457761475563058,-1.5524869120684868,-1.3702666645859005,0.2098283129058859,-0.84688893282919675,-0.01200319527579311
RG210348,F,59,24,0.268,1.501,-0.0424575172869145,-0.0314724626510662,0.00789780785385863,Lake,North,0,2,0,0,0,2,11,17,0,0,1,0,0,0,2,0,0,0,0,0,0,28,2,1,0,Lake/North,-6.706694904666534,0.05770925137059081,0.16433082321426853,0.4393670932446271,-1.191834888209261,1.223211929610917,0.8871434335761191,-0.7762577713085099,-0.7095037785533821,0.2925914534202103
RG210349,F,69,35,0.314,1.7069999999999999,-0.0554343028317634,0.0280135338422063,0.0300869993887267,Lake,North,0,0,0,0,0,0,0,0,0,0,0,0,0,0,0,0,0,0,0,0,0,0,0,0,0,Lake/North,-2.6090521462626515,0.0635922221908764,0.12071437034768118,1.6302831617761162,-0.46365004182752384,1.347908055760865,0.6516790879370623,-1.0183471910967559,0.5982935921185327,1.1757461667112952
RG210350,F,73,50,0.332,1.639,0.0151979225462087,-0.00103490658596327,-0.00403997668125705,Lake,North,0,0,0,0,0,0,0,0,0,0,0,0,0,0,0,0,0,0,0,0,0,0,0,0,0,Lake/North,9.630004957098905,0.06554541051899064,-0.047132210798953515,2.106649589188712,1.7113311466595296,1.389308060213941,-0.2544442393847055,0.2993377163873947,-0.04033526599223776,-0.18254576200621547
