fish_id;length;weight;gut_length;stomach;parasite;parasite_n;parasite_weight;eggs;sex;site;site.pull;basin;lake/shore;Station;NR.2;NR.3;Gap;Morphology;tanypodinae;orthocladinae;chironominii;tanytarsini;unknown larvae;adult_fly;Alona rectangula;Alona affinis/quad;Unknown alona;alonella nana;macrothrix hirsuticornix;acroperus harpae;daphnia longispina;resting eggs;Copepods_adult;Copepods_nauplii;ostracod;snail;bivalve;stickleback eggs;Fullness;Algae A;Parasite;Unknow;total_nr;hlutf.tanypodinae;hlutf.orthocladinae;hlutf.chironominii;hlutf.tanytarsini;hlutf.unknown larvae;hlutf.adult_fly;hlutf.Alona rectangula;hlutf.Alona affinis/quad;hlutf.Unknown alona;hlutf.alonella nana;hlutf.macrothrix hirsuticornix;hlutf.acroperus harpae;hlutf.daphnia longispina;hlutf.resting eggs;hlutf.Copepods_adult;hlutf.Copepods_nauplii;hlutf.ostracod;hlutf.snail;hlutf.bivalve;hlutf.stickleback eggs;mouth
RG210001;69;2,52;34;1;0;0;0;1;F;GS;GS;North;Shore;Shore;1,338;1,366;0,187;1;0;0;0;0;0;5;0;1;0;0;0;0;0;0;0;0;0;0;0;2;2;0;0;0;8;0;0;0;0;0;0,625;0;0,125;0;0;0;0;0;0;0;0;0;0;0;0,25;
RG210004;47;0,81;;1;0;0;0;0;F;GS;GS;North;Shore;Shore;1,383;1,481;0,129;1;0;5;27;0;0;4;3;0;0;0;0;0;0;0;0;0;0;0;0;0;2;0;0;0;39;0;0,128205128;0,692307692;0;0;0,102564103;0,076923077;0;0;0;0;0;0;0;0;0;0;0;0;0;
RG210007;48;0,65;25;1;0;0;0;1;F;GS;GS;North;Shore;Shore;1,108;1,129;0,116;1;;;;;;;;;;;;;;;;;;;;;;;;;;;NA;;;;;;;;;;;;;;;;;;;
RG210008;58;1,47;25;1;0;0;0;0;F;GS;GS;North;Shore;Shore;1,57;1,533;0,205;1;0;4;0;0;0;5;0;1;0;0;0;0;0;0;0;0;0;0;0;0;1;0;0;0;10;0;0,4;0;0;0;0,5;0;0,1;0;0;0;0;0;0;0;0;0;0;0;0;
RG210009;48;0,7;28;1;0;0;0;0;F;GS;GS;North;Shore;Shore;1,087;0,946;0,162;1;0;4;1;0;0;13;0;0;0;0;0;0;0;0;3;0;0;0;0;0;2;0;0;0;21;0;0,19047619;0,047619048;0;0;0,619047619;0;0;0;0;0;0;0;0;0,142857143;0;0;0;0;0;
RG210010;58;1,48;30;1;0;0;0;0;M;GS;GS;North;Shore;Shore;1,593;1,463;0,212;1;;;;;;;;;;;;;;;;;;;;;;;;;;;NA;;;;;;;;;;;;;;;;;;;
RG210011;65;2,8;14;1;1;4;0,56;0;M;GS;GS;North;Shore;Shore;1,237;1,255;0,264;1;;;;;;;;;;;;;;;;;;;;;;;;;;;NA;;;;;;;;;;;;;;;;;;;
RG210012;46;0,77;25;1;0;0;0;0;M;GS;GS;North;Shore;Shore;1,179;1,151;0,201;1;0;1;0;0;0;1;1;3;3;0;0;0;0;0;38;2;0;0;0;0;2;0;0;0;49;0;0,020408163;0;0;0;0,020408163;0,020408163;0,06122449;0,06122449;0;0;0;0;0;0,775510204;0,040816327;0;0;0;0;
RG210013;57;1,4;14;1;0;0;0;0;F;GS;GS;North;Shore;Shore;1,237;1,268;0,099;1;;;;;;;;;;;;;;;;;;;;;;;;;;;NA;;;;;;;;;;;;;;;;;;;
RG210014;49;0,95;19;1;0;0;0;0;F;GS;GS;North;Shore;Shore;1,103;1,267;0,09;1;0;2;0;0;0;13;0;0;0;0;0;0;0;0;0;0;0;0;0;2;2;0;0;0;17;0;0,117647059;0;0;0;0,764705882;0;0;0;0;0;0;0;0;0;0;0;0;0;0,117647059;
RG210015;46;0,78;18;1;0;0;0;0;F;GS;GS;North;Shore;Shore;1,307;1,249;0,142;1;1;3;0;0;0;2;0;0;0;0;0;0;0;0;0;0;0;0;0;5;2;0;0;0;11;0,090909091;0,272727273;0;0;0;0,181818182;0;0;0;0;0;0;0;0;0;0;0;0;0;0,454545455;
RG210016;56;1,25;27;1;0;0;0;0;F;GS;GS;North;Shore;Shore;1,011;1,003;0,118;1;0;10;0;0;1;1;4;0;6;0;0;0;0;0;10;0;2;0;0;0;1;0;0;0;34;0;0,294117647;0;0;0,029411765;0,029411765;0,117647059;0;0,176470588;0;0;0;0;0;0,294117647;0;0,058823529;0;0;0;
RG210019;52;1,06;21;1;0;0;0;0;F;GS;GS;North;Shore;Shore;1,14;1,157;0,149;1;0;0;0;0;0;4;0;0;0;0;0;0;0;0;0;0;0;0;0;3;1;0;0;0;7;0;0;0;0;0;0,571428571;0;0;0;0;0;0;0;0;0;0;0;0;0;0,428571429;
RG210022;50;0,87;21;1;0;0;0;0;M;GS;GS;North;Shore;Shore;1,063;1,207;0,155;1;;;;;;;;;;;;;;;;;;;;;;;;;;;NA;;;;;;;;;;;;;;;;;;;
RG210023;57;1,44;29;1;0;0;0;0;F;GS;GS;North;Shore;Shore;1,278;1,404;0,153;1;0;1;12;0;0;6;0;0;0;0;0;0;0;0;2;0;0;0;0;0;2;0;0;0;21;0;0,047619048;0,571428571;0;0;0,285714286;0;0;0;0;0;0;0;0;0,095238095;0;0;0;0;0;
RG210025;59;1,56;35;1;1;1;0,07;0;M;GS;GS;North;Shore;Shore;1,323;1,344;0,321;1;0;0;1;0;0;8;0;0;0;0;0;0;0;0;0;0;0;0;0;0;2;0;0;0;9;0;0;0,111111111;0;0;0,888888889;0;0;0;0;0;0;0;0;0;0;0;0;0;0;
RG210026;54;1,22;21;1;0;0;0;0;F;GS;GS;North;Shore;Shore;1,045;1,223;0,164;1;2;0;4;0;0;13;0;0;2;1;0;0;0;0;0;0;0;0;0;4;2;0;0;0;26;0,076923077;0;0,153846154;0;0;0,5;0;0;0,076923077;0,038461538;0;0;0;0;0;0;0;0;0;0,153846154;
RG210027;52;1,03;20;1;0;0;0;0;M;GS;GS;North;Shore;Shore;1,357;1,327;0,149;1;0;0;0;0;0;6;0;0;0;0;0;0;0;0;0;0;0;0;0;0;1;0;0;0;6;0;0;0;0;0;1;0;0;0;0;0;0;0;0;0;0;0;0;0;0;
RG210028;57;1,27;26;1;0;0;0;0;F;GS;GS;North;Shore;Shore;1,1;1,241;0,258;1;0;1;2;0;0;0;0;0;0;0;0;0;0;0;0;0;0;0;0;0;1;0;0;0;3;0;0,333333333;0,666666667;0;0;0;0;0;0;0;0;0;0;0;0;0;0;0;0;0;open
RG210029;56;1,54;31;1;0;0;0;0;F;GS;GS;North;Shore;Shore;1,092;1,01;0,161;1;6;85;0;0;0;6;0;0;0;0;0;0;0;0;0;0;12;0;0;6;2;0;0;0;115;0,052173913;0,739130435;0;0;0;0,052173913;0;0;0;0;0;0;0;0;0;0;0,104347826;0;0;0,052173913;
RG210030;52;1,09;32;1;0;0;0;0;M;GS;GS;North;Shore;Shore;1,295;1,146;0,16;1;;;;;;;;;;;;;;;;;;;;;;;;;;;NA;;;;;;;;;;;;;;;;;;;
RG210031;53;1,02;26;1;0;0;0;0;F;GS;GS;North;Shore;Shore;1,064;1,148;0,144;1;0;1;0;0;0;10;0;0;0;0;0;0;0;0;0;0;0;0;0;0;1;0;0;0;11;0;0,090909091;0;0;0;0,909090909;0;0;0;0;0;0;0;0;0;0;0;0;0;0;open
RG210032;65;2,2;22;1;0;0;0;0;F;GS;GS;North;Shore;Shore;1,54;1,426;0,253;1;0;1;4;0;0;0;0;0;0;0;0;0;0;0;1;0;0;0;0;0;2;0;0;0;6;0;0,166666667;0,666666667;0;0;0;0;0;0;0;0;0;0;0;0,166666667;0;0;0;0;0;
RG210033;51;0,98;26;1;0;0;0;0;M;GS;GS;North;Shore;Shore;1,372;1,157;0,122;1;2;0;1;0;0;11;3;0;3;0;0;0;0;0;12;0;0;0;0;0;2;0;0;0;32;0,0625;0;0,03125;0;0;0,34375;0,09375;0;0,09375;0;0;0;0;0;0,375;0;0;0;0;0;
RG210034;64;2,2;24;1;0;0;0;1;F;GS;GS;North;Shore;Shore;NA;NA;NA;1;;;;;;;;;;;;;;;;;;;;;;;;;;;NA;;;;;;;;;;;;;;;;;;;
RG210037;54;1,29;20;1;0;0;0;0;M;GS;GS;North;Shore;Shore;1,093;1,065;0,274;1;0;0;0;0;0;9;0;0;0;0;0;0;0;0;0;0;0;0;0;18;3;0;0;0;27;0;0;0;0;0;0,333333333;0;0;0;0;0;0;0;0;0;0;0;0;0;0,666666667;
RG210039;44;0,6;22;1;0;0;0;0;F;GS;GS;North;Shore;Shore;NA;NA;NA;1;0;0;0;0;0;11;0;0;0;0;0;0;0;0;0;0;0;1;0;0;1;0;0;0;12;0;0;0;0;0;0,916666667;0;0;0;0;0;0;0;0;0;0;0;0,083333333;0;0;
RG210040;46;0,82;14;1;0;0;0;0;M;GS;GS;North;Shore;Shore;1,157;1,194;0,166;1;3;15;1;0;0;9;3;0;7;0;0;0;0;0;9;1;0;0;0;0;2;0;7;0;48;0,0625;0,3125;0,020833333;0;0;0,1875;0,0625;0;0,145833333;0;0;0;0;0;0,1875;0,020833333;0;0;0;0;
RG210042;63;2,11;27;1;0;0;0;1;F;GS;GS;North;Shore;Shore;1,096;1,086;0,157;1;0;1;0;0;0;0;0;0;0;0;0;0;0;0;0;0;0;0;0;36;2;0;0;0;37;0;0,027027027;0;0;0;0;0;0;0;0;0;0;0;0;0;0;0;0;0;0,972972973;
RG210043;51;1,13;16;1;0;0;0;0;M;GS;GS;North;Shore;Shore;1,448;1,33;0,247;1;;;;;;;;;;;;;;;;;;;;;;;;;;;NA;;;;;;;;;;;;;;;;;;;
RG210044;70;3,2;31;1;1;3;0,23;1;F;GS;GS;North;Shore;Shore;1,352;1,21;0,287;1;0;0;1;0;0;0;1;1;0;0;0;0;0;0;0;0;0;0;0;18;3;0;0;8;21;0;0;0,047619048;0;0;0;0,047619048;0,047619048;0;0;0;0;0;0;0;0;0;0;0;0,857142857;
RG210045;48;0,82;22;1;0;0;0;0;F;GS;GS;North;Shore;Shore;;;;1;;;;;;;;;;;;;;;;;;;;;;;;;;;NA;;;;;;;;;;;;;;;;;;;
RG210046;49;0,88;;1;0;0;0;0;F;GS;GS;North;Shore;Shore;1,373;1,277;0,134;1;;;;;;;;;;;;;;;;;;;;;;;;;;;NA;;;;;;;;;;;;;;;;;;;
RG210047;48;0,87;23;1;0;0;0;0;F;GS;GS;North;Shore;Shore;1,002;1,045;0,126;1;;;;;;;;;;;;;;;;;;;;;;;;;;;NA;;;;;;;;;;;;;;;;;;;
RG210049;53;1,07;28;1;0;0;0;0;F;GS;GS;North;Shore;Shore;1,418;1,579;0,149;1;0;7;0;0;0;1;0;2;2;0;0;0;0;0;116;0;1;0;0;0;3;0;0;0;129;0;0,054263566;0;0;0;0,007751938;0;0,015503876;0,015503876;0;0;0;0;0;0,899224806;0;0,007751938;0;0;0;
RG210054;55;1,36;29;1;1;3;0,19;0;M;NS;NS;North;Shore;Shore;1,222;1,227;0,242;1;22;79;0;0;2;20;0;0;0;0;0;0;0;0;0;0;0;0;0;0;2;0;0;0;123;0,178861789;0,642276423;0;0;0,016260163;0,162601626;0;0;0;0;0;0;0;0;0;0;0;0;0;0;
RG210055;51;1,3;25;1;0;0;0;0;M;NS;NS;North;Shore;Shore;1,312;1,267;0,21;1;;;;;;;;;;;;;;;;;;;;;;;;;;;NA;;;;;;;;;;;;;;;;;;;
RG210056;42;0,88;22;1;0;0;0;0;F;NS;NS;North;Shore;Shore;0,976;0,997;0,118;1;0;0;0;0;0;0;0;0;0;0;0;0;0;0;0;0;0;0;0;0;1;0;0;0;0;0;0;0;0;0;0;0;0;0;0;0;0;0;0;0;0;0;0;0;0;
RG210057;60;2,04;28;1;0;0;0;0;M;NS;NS;North;Shore;Shore;1,894;1,977;0,189;1;;;;;;;;;;;;;;;;;;;;;;;;;;;NA;;;;;;;;;;;;;;;;;;;
RG210058;57;1,47;27;1;0;0;0;0;F;NS;NS;North;Shore;Shore;1,347;1,353;0,138;1;;;;;;;;;;;;;;;;;;;;;;;;;;;NA;;;;;;;;;;;;;;;;;;;
RG210060;56;1,45;31;1;0;0;0;0;M;NS;NS;North;Shore;Shore;1,536;1,66;0,14;1;0;0;11;0;0;2;0;0;0;0;0;0;0;0;0;0;0;0;0;0;2;0;0;0;13;0;0;0,846153846;0;0;0,153846154;0;0;0;0;0;0;0;0;0;0;0;0;0;0;
RG210061;65;2,18;42;1;0;0;0;0;F;NS;NS;North;Shore;Shore;1,415;1,24;0,308;1;0;46;0;0;0;4;0;0;0;0;0;0;0;0;0;0;0;0;0;0;4;0;0;0;50;0;0,92;0;0;0;0,08;0;0;0;0;0;0;0;0;0;0;0;0;0;0;
RG210062;65;2;44;1;0;0;0;0;F;NS;NS;North;Shore;Shore;1,148;1,252;0,182;1;;;;;;;;;;;;;;;;;;;;;;;;;;;NA;;;;;;;;;;;;;;;;;;;
RG210063;82;4,9;41;1;1;1;0,27;1;F;NS;NS;North;Shore;Shore;1,791;1,756;0,326;1;0;0;1;0;0;0;0;0;0;0;0;0;0;0;0;0;0;0;0;6;2;0;0;0;7;0;0;0,142857143;0;0;0;0;0;0;0;0;0;0;0;0;0;0;0;0;0,857142857;
RG210064;57;1,45;30;1;0;0;0;0;M;NS;NS;North;Shore;Shore;1,441;1,446;0,217;1;0;2;7;0;0;6;0;0;0;0;0;0;0;0;0;0;0;0;0;0;2;0;0;0;15;0;0,133333333;0,466666667;0;0;0,4;0;0;0;0;0;0;0;0;0;0;0;0;0;0;
RG210067;59;1,68;22;1;0;0;0;0;M;NS;NS;North;Shore;Shore;1,342;1,253;0,16;1;;;;;;;;;;;;;;;;;;;;;;;;;;;NA;;;;;;;;;;;;;;;;;;;
RG210068;59;2,18;28;1;1;1;0,27;0;M;NS;NS;North;Shore;Shore;1,395;1,437;0,269;1;0;0;6;0;0;1;0;0;13;0;0;0;0;4;5;0;0;0;0;0;1;0;0;0;29;0;0;0,206896552;0;0;0,034482759;0;0;0,448275862;0;0;0;0;0,137931034;0,172413793;0;0;0;0;0;
RG210069;46;0,79;26;1;0;0;0;0;M;NS;NS;North;Shore;Shore;0,848;0,898;0,177;1;0;8;0;0;0;10;0;0;0;0;0;0;0;0;0;0;0;0;0;3;2;0;0;0;21;0;0,380952381;0;0;0;0,476190476;0;0;0;0;0;0;0;0;0;0;0;0;0;0,142857143;
RG210071;57;1,21;27;1;0;0;0;0;M;NS;NS;North;Shore;Shore;1,586;1,531;0,191;1;6;14;1;0;0;14;0;0;0;0;0;0;0;0;0;0;0;0;0;0;2;0;0;0;35;0,171428571;0,4;0,028571429;0;0;0,4;0;0;0;0;0;0;0;0;0;0;0;0;0;0;open
RG210072;55;1,41;30;1;0;0;0;0;M;NS;NS;North;Shore;Shore;1,37;1,28;0,185;1;2;8;0;0;0;11;0;0;0;0;0;0;0;0;0;0;0;0;0;31;3;0;0;0;52;0,038461538;0,153846154;0;0;0;0,211538462;0;0;0;0;0;0;0;0;0;0;0;0;0;0,596153846;
RG210074;48;0,96;25;1;0;0;0;0;M;NS;NS;North;Shore;Shore;0,961;1;0,108;1;5;15;0;0;0;4;0;0;0;0;0;0;0;0;0;0;0;0;0;1;2;0;0;0;25;0,2;0,6;0;0;0;0,16;0;0;0;0;0;0;0;0;0;0;0;0;0;0,04;
RG210075;62;2,1;42;1;0;0;0;1;F;NS;NS;North;Shore;Shore;1,434;1,569;0,165;1;;;;;;;;;;;;;;;;;;;;;;;;;;;NA;;;;;;;;;;;;;;;;;;;
RG210076;71;2,9;50;1;0;0;0;0;F;NS;NS;North;Shore;Shore;1,44;1,639;0,227;1;0;2;2;0;0;0;0;0;1;0;0;0;0;0;0;0;0;8;1;0;4;0;0;0;14;0;0,142857143;0,142857143;0;0;0;0;0;0,071428571;0;0;0;0;0;0;0;0;0,571428571;0,071428571;0;
RG210077;70;2,69;41;1;0;0;0;0;F;NS;NS;North;Shore;Shore;1,248;1,416;0,315;1;;;;;;;;;;;;;;;;;;;;;;;;;;;NA;;;;;;;;;;;;;;;;;;;
RG210078;47;0,9;21;1;0;0;0;0;F;NS;NS;North;Shore;Shore;0,749;0,522;0,059;1;0;34;0;0;0;6;0;0;0;0;0;0;0;0;0;0;0;0;0;0;2;0;0;0;40;0;0,85;0;0;0;0,15;0;0;0;0;0;0;0;0;0;0;0;0;0;0;
RG210081;57;1,6;26;1;0;0;0;1;F;NS;NS;North;Shore;Shore;1,644;1,412;0,188;1;;;;;;;;;;;;;;;;;;;;;;;;;;;NA;;;;;;;;;;;;;;;;;;;
RG210082;60;1,74;22;1;0;0;0;0;M;NS;NS;North;Shore;Shore;1,64;1,492;0,252;1;0;0;0;0;0;4;0;0;2;0;0;0;0;0;0;0;0;0;0;0;2;0;0;1;6;0;0;0;0;0;0,666666667;0;0;0,333333333;0;0;0;0;0;0;0;0;0;0;0;
RG210083;52;1,04;27;1;0;0;0;0;F;NS;NS;North;Shore;Shore;1,25;1,097;0,18;1;8;30;1;0;0;3;0;0;2;0;0;0;0;0;1;0;0;0;2;5;2;0;0;0;52;0,153846154;0,576923077;0,019230769;0;0;0,057692308;0;0;0,038461538;0;0;0;0;0;0,019230769;0;0;0;0,038461538;0,096153846;
RG210084;65;1,87;32;1;0;0;0;0;F;NS;NS;North;Shore;Shore;1,474;1,542;0,214;1;0;5;6;0;0;2;1;1;5;0;0;0;0;0;11;0;0;0;0;10;2;0;0;0;41;0;0,12195122;0,146341463;0;0;0,048780488;0,024390244;0,024390244;0,12195122;0;0;0;0;0;0,268292683;0;0;0;0;0,243902439;
RG210085;54;1,52;26;1;0;0;0;0;M;NS;NS;North;Shore;Shore;1,585;1,342;0,205;1;0;2;0;0;0;16;0;0;0;0;0;0;0;0;0;0;0;0;0;2;1;0;0;0;20;0;0,1;0;0;0;0,8;0;0;0;0;0;0;0;0;0;0;0;0;0;0,1;
RG210087;53;1,4;25;1;0;0;0;0;F;NS;NS;North;Shore;Shore;1,099;1,055;0,171;1;;;;;;;;;;;;;;;;;;;;;;;;;;;NA;;;;;;;;;;;;;;;;;;;
RG210088;60;1,7;35;1;0;0;0;0;F;NS;NS;North;Shore;Shore;1,128;1,171;0,364;1;0;3;2;0;0;12;0;0;0;0;0;0;0;0;0;0;0;0;4;0;2;0;0;0;21;0;0,142857143;0,095238095;0;0;0,571428571;0;0;0;0;0;0;0;0;0;0;0;0;0,19047619;0;
RG210089;48;1,05;23;1;0;0;0;0;F;NS;NS;North;Shore;Shore;1,164;1,079;0,185;1;;;;;;;;;;;;;;;;;;;;;;;;;;;NA;;;;;;;;;;;;;;;;;;;
RG210090;57;2,18;32;1;0;0;0;0;F;NS;NS;North;Shore;Shore;1,267;1,171;0,27;;;;;;;;;;;;;;;;;;;;;;;;;;;;NA;;;;;;;;;;;;;;;;;;;
RG210094;53;1;27;1;0;0;0;0;M;NS;NS;North;Shore;Shore;1,265;1,383;0,192;1;0;0;0;0;0;1;0;0;3;0;0;0;0;0;0;0;0;0;0;0;1;0;0;0;4;0;0;0;0;0;0,25;0;0;0,75;0;0;0;0;0;0;0;0;0;0;0;
RG210095;56;1,46;33;1;0;0;0;0;M;NS;NS;North;Shore;Shore;1,778;1,758;0,138;1;0;9;10;0;0;2;0;0;0;0;0;0;0;0;0;0;0;1;0;0;2;0;0;0;22;0;0,409090909;0,454545455;0;0;0,090909091;0;0;0;0;0;0;0;0;0;0;0;0,045454545;0;0;
RG210097;57;1,6;26;1;0;0;0;0;M;NS;NS;North;Shore;Shore;1,711;1,819;0,247;1;0;2;2;0;0;10;0;0;0;0;0;0;0;0;5;0;0;0;0;0;2;0;0;0;19;0;0,105263158;0,105263158;0;0;0,526315789;0;0;0;0;0;0;0;0;0,263157895;0;0;0;0;0;
RG210098;48;0,9;23;1;0;0;0;0;M;NS;NS;North;Shore;Shore;0,929;0,966;0,157;1;0;9;0;0;0;5;0;0;0;0;0;0;0;0;0;0;0;0;1;0;1;0;0;0;15;0;0,6;0;0;0;0,333333333;0;0;0;0;0;0;0;0;0;0;0;0;0,066666667;0;
RG210099;41;0,65;21;1;1;1;0,13;0;M;NS;NS;North;Shore;Shore;0,752;0,756;0,127;1;;;;;;;;;;;;;;;;;;;;;;;;;;;NA;;;;;;;;;;;;;;;;;;;
RG210100;57;1,61;29;1;1;1;0,04;0;M;NS;NS;North;Shore;Shore;1,355;1,469;0,227;1;0;1;10;0;0;26;0;0;0;0;0;0;0;0;0;0;0;0;0;0;1;0;0;0;37;0;0,027027027;0,27027027;0;0;0,702702703;0;0;0;0;0;0;0;0;0;0;0;0;0;0;
RG210101;57;1,6;30;1;0;0;0;0;M;44;23&44;South;Lake;Lake;NA;NA;NA;1;0;0;0;0;0;1;0;0;0;0;0;0;0;0;32;0;0;0;0;4;1;0;0;0;37;0;0;0;0;0;0,027027027;0;0;0;0;0;0;0;0;0,864864865;0;0;0;0;0,108108108;
RG210102;50;1,39;30;1;0;0;0;0;F;44;23&44;South;Lake;Lake;1,06;1,091;0,201;;0;1;0;0;0;10;0;0;17;0;0;0;0;1;25;0;0;0;0;0;2;0;0;0;54;0;0,018518519;0;0;0;0,185185185;0;0;0,314814815;0;0;0;0;0,018518519;0,462962963;0;0;0;0;0;
RG210104;47;1,03;21;1;0;0;0;0;F;44;23&44;South;Lake;Lake;1,049;1,011;0,14;1;0;3;0;0;0;5;0;0;0;0;0;0;0;0;0;1;0;0;0;0;2;0;0;0;9;0;0,333333333;0;0;0;0,555555556;0;0;0;0;0;0;0;0;0;0,111111111;0;0;0;0;
RG210105;57;0,32;;1;0;0;0;0;M;44;23&44;South;Lake;Lake;1,368;1,254;0,18;1;0;1;3;0;0;11;0;0;0;0;0;0;0;0;0;0;0;0;0;0;1;0;0;0;15;0;0,066666667;0,2;0;0;0,733333333;0;0;0;0;0;0;0;0;0;0;0;0;0;0;
RG210106;53;2,05;36;1;0;0;0;0;F;44;23&44;South;Lake;Lake;1,092;1,271;0,151;;0;6;0;0;0;13;8;0;0;0;0;0;0;0;0;0;0;0;0;0;4;0;0;0;27;0;0,222222222;0;0;0;0,481481481;0,296296296;0;0;0;0;0;0;0;0;0;0;0;0;0;
RG210107;52;0,7;22;1;0;0;0;1;F;44;23&44;South;Lake;Lake;1,176;1,17;0,157;1;0;0;2;0;0;7;0;0;0;0;0;0;0;0;0;0;0;0;0;0;2;0;0;0;9;0;0;0,222222222;0;0;0,777777778;0;0;0;0;0;0;0;0;0;0;0;0;0;0;
RG210108;42;0,66;;1;0;0;0;0;F;44;23&44;South;Lake;Lake;0,851;0,796;0,145;1;0;0;1;0;0;4;0;0;0;0;0;0;0;0;0;0;0;0;0;0;2;0;0;0;5;0;0;0,2;0;0;0,8;0;0;0;0;0;0;0;0;0;0;0;0;0;0;
RG210109;48;0,9;16;1;0;0;0;0;M;44;23&44;South;Lake;Lake;1,22;1,014;0,161;1;0;0;2;0;0;3;0;0;5;0;0;0;0;0;0;0;0;0;0;0;1;0;0;0;10;0;0;0,2;0;0;0,3;0;0;0,5;0;0;0;0;0;0;0;0;0;0;0;
RG210151;57;1,45;22;1;0;0;0;0;M;23;23&44;South;Lake;Lake;1,231;1,061;0,401;1;0;1;9;0;0;5;0;0;0;0;0;0;0;0;1;0;0;0;0;0;2;0;0;0;16;0;0,0625;0,5625;0;0;0,3125;0;0;0;0;0;0;0;0;0,0625;0;0;0;0;0;
RG210152;58;1,87;31;1;0;0;0;1;F;23;23&44;South;Lake;Lake;1,228;1,145;0,266;1;0;1;6;0;0;11;0;0;29;0;0;0;0;0;21;0;0;0;0;0;2;0;0;0;68;0;0,014705882;0,088235294;0;0;0,161764706;0;0;0,426470588;0;0;0;0;0;0,308823529;0;0;0;0;0;
RG210153;46;0,8;26;1;0;0;0;0;M;23;23&44;South;Lake;Lake;1,165;1,102;0,131;1;0;1;0;0;0;7;0;0;3;0;0;0;0;0;1;0;0;0;0;0;2;0;0;0;12;0;0,083333333;0;0;0;0,583333333;0;0;0,25;0;0;0;0;0;0,083333333;0;0;0;0;0;
RG210154;41;0,35;16;1;0;0;0;0;F;23;23&44;South;Lake;Lake;0,612;0,61;0,161;1;0;0;1;0;0;0;0;0;0;0;0;0;0;0;0;0;0;0;0;0;1;0;0;0;1;0;0;1;0;0;0;0;0;0;0;0;0;0;0;0;0;0;0;0;0;
RG210155;55;1,46;31;1;0;0;0;0;M;23;23&44;South;Lake;Lake;1,286;1,162;0,149;1;0;1;0;0;0;14;0;0;0;0;0;0;0;0;0;0;0;0;0;0;2;0;0;0;15;0;0,066666667;0;0;0;0,933333333;0;0;0;0;0;0;0;0;0;0;0;0;0;0;open
RG210156;64;2,63;39;1;0;0;0;0;F;23;23&44;South;Lake;Lake;1,433;1,264;0,176;1;0;0;5;0;0;11;0;0;0;0;0;0;0;0;0;0;0;0;0;0;3;0;0;0;16;0;0;0,3125;0;0;0,6875;0;0;0;0;0;0;0;0;0;0;0;0;0;0;
RG210157;46;0,8;16;1;0;0;0;0;F;23;23&44;South;Lake;Lake;1,117;0,954;0,143;1;0;0;0;0;0;5;0;0;0;0;0;0;0;0;0;0;0;0;0;0;1;0;0;0;5;0;0;0;0;0;1;0;0;0;0;0;0;0;0;0;0;0;0;0;0;
RG210158;73;3,01;40;1;0;0;0;0;F;23;23&44;South;Lake;Lake;1,555;1,406;0,26;1;0;0;19;0;0;7;0;0;96;0;0;0;0;0;8;0;0;0;0;0;3;0;0;0;130;0;0;0,146153846;0;0;0,053846154;0;0;0,738461538;0;0;0;0;0;0,061538462;0;0;0;0;0;open
RG210159;54;1,17;31;1;0;0;0;0;F;23;23&44;South;Lake;Lake;1,008;0,918;0,268;1;0;0;3;0;0;7;0;0;52;0;0;0;0;0;25;0;0;0;0;0;2;0;0;0;87;0;0;0,034482759;0;0;0,08045977;0;0;0,597701149;0;0;0;0;0;0,287356322;0;0;0;0;0;
RG210201;37;0,39;19;1;1;1;0,03;0;F;HS2;HS2;North;Shore;HS2;0,823;0,823;0,122;1;;;;;;;;;;;;;;;;;;;;;;;;;;;NA;;;;;;;;;;;;;;;;;;;
RG210202;43;0,61;26;1;1;1;0,01;0;F;HS2;HS2;North;Shore;HS2;0,727;0,753;0,208;;;;;;;;;;;;;;;;;;;;;;;;;;;;NA;;;;;;;;;;;;;;;;;;;
RG210203;59;1,5;25;1;0;0;0;0;M;HS2;HS2;North;Shore;HS2;1,235;1,083;0,195;1;0;0;0;0;0;1;0;0;2;0;0;0;0;0;1;0;0;1;0;0;2;0;0;0;5;0;0;0;0;0;0,2;0;0;0,4;0;0;0;0;0;0,2;0;0;0,2;0;0;
RG210204;51;0,82;26;1;0;0;0;0;F;HS2;HS2;North;Shore;HS2;0,829;0,957;0,235;1;0;0;0;0;0;1;0;0;0;0;0;0;0;0;0;0;0;0;0;0;1;0;0;0;1;0;0;0;0;0;1;0;0;0;0;0;0;0;0;0;0;0;0;0;0;
RG210205;54;1,7;20;1;0;0;0;0;M;HS2;HS2;North;Shore;HS2;1,258;1,358;0,176;1;0;0;0;0;0;1;0;0;0;0;0;0;0;0;0;0;0;0;0;0;1;0;0;0;1;0;0;0;0;0;1;0;0;0;0;0;0;0;0;0;0;0;0;0;0;
RG210206;54;1,33;23;1;1;4;0,1;0;F;HS2;HS2;North;Shore;HS2;1,126;1,125;0,261;1;0;0;0;0;0;0;0;0;0;0;0;0;0;0;1;0;0;0;0;0;1;0;0;0;1;0;0;0;0;0;0;0;0;0;0;0;0;0;0;1;0;0;0;0;0;
RG210207;51;1,1;27;1;0;0;0;0;M;HS2;HS2;North;Shore;HS2;1,089;1,127;0,193;1;;;;;;;;;;;;;;;;;;;;;;;;;;;NA;;;;;;;;;;;;;;;;;;;
RG210208;51;1;25;1;0;0;0;0;F;HS2;HS2;North;Shore;HS2;1,34;1,054;0,185;1;0;0;2;0;0;0;0;0;0;0;0;0;0;0;0;0;0;0;0;0;1;3;0;1;2;0;0;1;0;0;0;0;0;0;0;0;0;0;0;0;0;0;0;0;0;
RG210209;61;2,2;32;1;0;0;0;1;F;HS2;HS2;North;Shore;HS2;1,015;1,038;0,106;1;0;0;0;0;0;0;0;0;1;0;0;0;0;0;0;0;0;0;0;16;3;0;0;0;17;0;0;0;0;0;0;0;0;0,058823529;0;0;0;0;0;0;0;0;0;0;0,941176471;
RG210210;56;1,5;24;1;1;1;0,15;0;F;HS2;HS2;North;Shore;HS2;1,019;1,027;0,259;1;0;0;0;0;0;0;0;0;0;0;0;0;0;0;0;0;0;1;0;0;2;0;0;0;1;0;0;0;0;0;0;0;0;0;0;0;0;0;0;0;0;0;1;0;0;
RG210211;53;1,25;31;1;0;0;0;0;F;HS2;HS2;North;Shore;HS2;1,173;1,022;0,159;1;0;5;1;0;1;12;0;0;0;0;0;0;0;0;0;0;0;0;0;0;2;0;0;0;19;0;0,263157895;0,052631579;0;0,052631579;0,631578947;0;0;0;0;0;0;0;0;0;0;0;0;0;0;
RG210212;48;0,9;21;1;0;0;0;0;F;HS2;HS2;North;Shore;HS2;1,092;0,996;0,218;1;;;;;;;;;;;;;;;;;;;;;;;;;;;NA;;;;;;;;;;;;;;;;;;;
RG210213;55;1,1;20;1;0;0;0;0;M;HS2;HS2;North;Shore;HS2;1,279;1,332;0,124;1;0;0;2;0;0;0;0;0;0;0;0;0;0;0;0;1;0;0;0;0;1;4;0;0;3;0;0;0,666666667;0;0;0;0;0;0;0;0;0;0;0;0;0,333333333;0;0;0;0;
RG210214;56;1,47;30;1;1;4;0,02;0;F;HS2;HS2;North;Shore;HS2;1,141;1,123;0,215;1;0;6;5;0;0;3;1;0;18;0;0;0;0;0;0;0;0;0;0;1;3;0;2;0;34;0;0,176470588;0,147058824;0;0;0,088235294;0,029411765;0;0,529411765;0;0;0;0;0;0;0;0;0;0;0,029411765;
RG210215;54;1,2;;1;0;0;0;0;M;HS2;HS2;North;Shore;HS2;1,224;1,189;0,137;1;0;0;0;0;0;1;0;0;0;0;0;0;0;0;0;0;0;0;0;0;2;0;0;0;1;0;0;0;0;0;1;0;0;0;0;0;0;0;0;0;0;0;0;0;0;
RG210216;58;1,6;22;1;0;0;0;0;F;HS2;HS2;North;Shore;HS2;0,967;1,047;0,21;1;0;0;0;0;0;0;0;0;0;0;0;0;0;0;0;0;0;3;0;0;1;0;0;0;3;0;0;0;0;0;0;0;0;0;0;0;0;0;0;0;0;0;1;0;0;
RG210217;60;1,6;20;1;0;0;0;0;M;HS2;HS2;North;Shore;HS2;1,372;1,495;0,184;;0;0;0;0;0;0;0;0;1;0;0;0;0;0;1;0;0;3;0;0;1;2;0;0;5;0;0;0;0;0;0;0;0;0,2;0;0;0;0;0;0,2;0;0;0,6;0;0;
RG210218;64;1,7;26;1;0;0;0;0;F;HS2;HS2;North;Shore;HS2;1,42;1,277;0,28;1;1;0;0;0;0;0;0;0;1;0;0;0;0;0;1;0;0;3;0;0;1;0;0;0;6;0,166666667;0;0;0;0;0;0;0;0,166666667;0;0;0;0;0;0,166666667;0;0;0,5;0;0;
RG210219;54;1,3;24;1;0;0;0;0;F;HS2;HS2;North;Shore;HS2;1,189;0,941;0,259;1;;;;;;;;;;;;;;;;;;;;;;;;;;;NA;;;;;;;;;;;;;;;;;;;
RG210220;55;1,3;25;1;0;0;0;0;M;HS2;HS2;North;Shore;HS2;1,224;1,197;0,154;1;;;;;;;;;;;;;;;;;;;;;;;;;;;NA;;;;;;;;;;;;;;;;;;;
RG210221;55;1,32;20;1;0;0;0;0;M;HS2;HS2;North;Shore;HS2;1,329;1,342;0,193;1;;;;;;;;;;;;;;;;;;;;;;;;;;;NA;;;;;;;;;;;;;;;;;;;
RG210222;53;1,21;21;1;0;0;0;0;M;HS2;HS2;North;Shore;HS2;1,296;1,192;0,189;1;0;0;0;0;0;1;0;0;0;0;0;0;0;0;0;0;1;0;0;0;2;0;0;0;2;0;0;0;0;0;0,5;0;0;0;0;0;0;0;0;0;0;0,5;0;0;0;
RG210223;58;1,51;30;1;1;3;0,1;0;M;HS2;HS2;North;Shore;HS2;1,598;1,56;0,203;1;0;0;0;0;0;0;0;0;2;0;0;0;0;0;0;0;0;1;0;0;1;10;10;0;3;0;0;0;0;0;0;0;0;0,666666667;0;0;0;0;0;0;0;0;0,333333333;0;0;
RG210224;63;1,6;23;1;0;0;0;0;M;HS2;HS2;North;Shore;HS2;1,271;1,24;0,23;1;0;0;0;0;0;0;0;0;0;0;0;1;0;0;0;0;0;0;0;0;2;6;0;0;1;0;0;0;0;0;0;0;0;0;0;0;1;0;0;0;0;0;0;0;0;
RG210225;53;1,4;28;1;0;0;0;0;M;HS2;HS2;North;Shore;HS2;1,305;1,329;0,176;1;0;5;15;0;0;6;0;0;0;0;0;0;0;0;0;0;0;0;0;0;2;0;0;0;26;0;0,192307692;0,576923077;0;0;0,230769231;0;0;0;0;0;0;0;0;0;0;0;0;0;0;
RG210226;52;1,13;25;1;0;0;0;0;F;HS2;HS2;North;Shore;HS2;1,195;1,096;0,215;1;0;0;0;0;0;0;0;0;0;0;0;0;0;0;0;0;0;1;0;0;3;0;0;0;1;0;0;0;0;0;0;0;0;0;0;0;0;0;0;0;0;0;1;0;0;
RG210227;49;0,8;28;1;0;0;0;0;F;HS2;HS2;North;Shore;HS2;0,814;0,842;0,14;1;0;0;0;0;0;0;0;0;0;0;0;0;0;0;0;0;0;1;0;0;1;0;0;0;1;0;0;0;0;0;0;0;0;0;0;0;0;0;0;0;0;0;1;0;0;open
RG210228;52;1,11;19;1;0;0;0;0;F;HS2;HS2;North;Shore;HS2;1,257;1,215;0,183;1;;;;;;;;;;;;;;;;;;;;;;;;;;;NA;;;;;;;;;;;;;;;;;;;
RG210229;57;1,45;25;1;1;6;0,07;0;F;HS2;HS2;North;Shore;HS2;1,141;1,113;0,242;1;0;0;0;0;0;0;0;0;0;0;0;0;0;0;0;0;0;0;0;0;2;0;0;0;0;0;0;0;0;0;0;0;0;0;0;0;0;0;0;0;0;0;0;0;0;
RG210230;58;1,12;;1;0;0;0;0;M;HS2;HS2;North;Shore;HS2;1,396;1,417;0,23;1;;;;;;;;;;;;;;;;;;;;;;;;;;;NA;;;;;;;;;;;;;;;;;;;
RG210231;50;1,05;23;1;0;0;0;0;M;HS2;HS2;North;Shore;HS2;1,318;1,199;0,201;1;;;;;;;;;;;;;;;;;;;;;;;;;;;NA;;;;;;;;;;;;;;;;;;;
RG210232;55;1,23;21;1;0;0;0;0;M;HS2;HS2;North;Shore;HS2;1,133;1,093;0,156;1;;;;;;;;;;;;;;;;;;;;;;;;;;;NA;;;;;;;;;;;;;;;;;;;
RG210233;59;1,23;16;1;0;0;0;0;M;HS2;HS2;North;Shore;HS2;1,46;1,428;0,15;1;0;0;0;1;0;0;0;0;0;0;0;0;0;0;0;0;0;0;0;0;1;0;0;0;1;0;0;0;1;0;0;0;0;0;0;0;0;0;0;0;0;0;0;0;0;
RG210234;39;0,37;20;1;1;8;0,15;0;M;HS2;HS2;North;Shore;HS2;0,968;1,063;0,119;1;0;0;0;0;0;0;0;0;0;0;0;0;0;0;0;0;0;1;0;0;2;2;0;0;1;0;0;0;0;0;0;0;0;0;0;0;0;0;0;0;0;0;1;0;0;
RG210235;47;0,8;24;1;0;0;0;1;F;HS2;HS2;North;Shore;HS2;0,843;0,895;0,126;1;0;0;0;0;0;0;0;0;0;0;0;0;0;0;0;0;0;0;0;0;1;0;0;0;0;0;0;0;0;0;0;0;0;0;0;0;0;0;0;0;0;0;0;0;0;
RG210238;50;1,1;21;1;0;0;0;0;M;HS2;HS2;North;Shore;HS2;1,128;1,185;0,105;1;0;0;0;0;0;59;0;0;0;0;0;0;0;0;0;0;0;0;0;0;2;0;0;0;59;0;0;0;0;0;1;0;0;0;0;0;0;0;0;0;0;0;0;0;0;
RG210239;44;0,83;21;1;1;4;0,18;0;F;HS2;HS2;North;Shore;HS2;0,874;0,925;0,215;1;0;0;2;0;0;0;0;0;0;0;0;0;0;0;0;0;0;3;0;0;1;3;0;0;5;0;0;0,4;0;0;0;0;0;0;0;0;0;0;0;0;0;0;0,6;0;0;
RG210240;46;0,76;16;1;0;0;0;0;F;HS2;HS2;North;Shore;HS2;1,046;0,962;0,165;1;;;;;;;;;;;;;;;;;;;;;;;;;;;NA;;;;;;;;;;;;;;;;;;;
RG210241;49;1,01;;1;0;0;0;0;M;HS2;HS2;North;Shore;HS2;0,996;0,872;0,157;1;0;0;1;0;0;54;0;0;0;0;0;0;0;0;0;0;0;0;0;0;1;0;0;0;55;0;0;0,018181818;0;0;0,981818182;0;0;0;0;0;0;0;0;0;0;0;0;0;0;
RG210242;36;0,45;15;1;1;3;0,05;0;F;HS2;HS2;North;Shore;HS2;0,547;0,459;0,157;1;;;;;;;;;;;;;;;;;;;;;;;;;;;NA;;;;;;;;;;;;;;;;;;;
RG210243;42;0,54;16;1;0;0;0;0;M;HS2;HS2;North;Shore;HS2;0,859;0,845;0,178;1;0;0;0;0;0;0;0;0;0;0;0;0;0;0;0;0;0;0;0;0;1;5;0;0;0;0;0;0;0;0;0;0;0;0;0;0;0;0;0;0;0;0;0;0;0;
RG210245;47;0,75;24;1;0;0;0;0;M;HS2;HS2;North;Shore;HS2;1,48;1,564;0,214;1;0;0;2;0;0;5;0;1;3;0;2;0;0;0;0;0;0;0;1;0;2;3;0;0;14;0;0;0,142857143;0;0;0,357142857;0;0,071428571;0,214285714;0;0,142857143;0;0;0;0;0;0;0;0,071428571;0;
RG210246;40;0,6;17;1;1;3;0,07;0;F;HS2;HS2;North;Shore;HS2;0,602;0,618;0,127;1;;;;;;;;;;;;;;;;;;;;;;;;;;;NA;;;;;;;;;;;;;;;;;;;
RG210247;43;0,63;22;1;0;0;0;0;M;HS2;HS2;North;Shore;HS2;0,709;0,693;0,154;1;;;;;;;;;;;;;;;;;;;;;;;;;;;NA;;;;;;;;;;;;;;;;;;;
RG210248;44;0,63;15;1;0;0;0;0;F;HS2;HS2;North;Shore;HS2;1,144;0,897;0,245;1;;;;;;;;;;;;;;;;;;;;;;;;;;;NA;;;;;;;;;;;;;;;;;;;
RG210249;52;1,02;15;1;0;0;0;0;M;HS2;HS2;North;Shore;HS2;1,402;1,403;0,211;1;1;0;0;0;0;0;0;0;10;1;0;1;0;0;22;0;0;3;0;0;1;0;0;0;38;0,026315789;0;0;0;0;0;0;0;0,263157895;0,026315789;0;0,026315789;0;0;0,578947368;0;0;0,078947368;0;0;
RG210250;40;0,5;16;1;1;1;0,1;0;F;HS2;HS2;North;Shore;HS2;0,73;0,59;0,149;1;0;0;0;0;0;2;0;0;0;0;0;0;0;0;0;0;0;0;0;0;1;0;0;0;2;0;0;0;0;0;1;0;0;0;0;0;0;0;0;0;0;0;0;0;0;
RG210251;66;2,92;43;1;0;0;0;1;F;135;135;South;Lake;Lake;1,238;1,253;0,279;1;4;4;10;0;0;6;0;0;0;0;0;0;0;0;0;0;0;0;0;0;2;0;0;0;24;0,166666667;0,166666667;0,416666667;0;0;0,25;0;0;0;0;0;0;0;0;0;0;0;0;0;0;
RG210253;64;2,28;41;1;0;0;0;1;F;135;135;South;Lake;Lake;1,33;1,283;0,175;1;0;2;5;0;0;2;2;0;1;0;0;0;0;0;1;0;0;1;0;0;1;0;0;0;14;0;0,142857143;0,357142857;0;0;0,142857143;0,142857143;0;0,071428571;0;0;0;0;0;0,071428571;0;0;0,071428571;0;0;
RG210254;53;1,21;28;1;0;0;0;1;F;135;135;South;Lake;Lake;0,857;0,968;0,167;1;;;;;;;;;;;;;;;;;;;;;;;;;;;NA;;;;;;;;;;;;;;;;;;;
RG210255;70;2,94;26;1;0;0;0;1;F;135;135;South;Lake;Lake;1,595;1,489;0,181;1;;;;;;;;;;;;;;;;;;;;;;;;;;;NA;;;;;;;;;;;;;;;;;;;
RG210256;69;2,4;41;1;0;0;0;0;F;135;135;South;Lake;Lake;1,676;1,601;0,294;1;0;3;0;0;0;6;0;1;1;0;0;0;0;0;0;0;0;0;0;0;2;0;0;0;11;0;0,272727273;0;0;0;0,545454545;0;0,090909091;0,090909091;0;0;0;0;0;0;0;0;0;0;0;
RG210257;70;2,62;42;1;0;0;0;0;F;135;135;South;Lake;Lake;1,258;1,317;0,256;1;;;;;;;;;;;;;;;;;;;;;;;;;;;NA;;;;;;;;;;;;;;;;;;;
RG210258;47;0,77;18;1;0;0;0;0;M;135;135;South;Lake;Lake;0,95;0,967;0,108;1;0;1;2;0;0;1;0;1;5;0;0;0;0;0;0;0;0;0;0;4;1;0;0;0;14;0;0,071428571;0,142857143;0;0;0,071428571;0;0,071428571;0,357142857;0;0;0;0;0;0;0;0;0;0;0,285714286;
RG210260;66;2,3;40;1;0;0;0;1;F;135;135;South;Lake;Lake;1,39;1,416;0,184;1;;;;;;;;;;;;;;;;;;;;;;;;;;;NA;;;;;;;;;;;;;;;;;;;
RG210264;47;0,81;21;1;0;0;0;0;M;135;135;South;Lake;Lake;1,022;0,961;0,168;;0;0;1;0;0;1;0;0;0;1;0;0;0;0;23;0;0;0;0;0;1;0;0;0;26;0;0;0,038461538;0;0;0,038461538;0;0;0;0,038461538;0;0;0;0;0,884615385;0;0;0;0;0;
RG210265;51;0,9;40;1;0;0;0;0;F;135;135;South;Lake;Lake;0,944;0,891;0,147;1;;;;;;;;;;;;;;;;;;;;;;;;;;;NA;;;;;;;;;;;;;;;;;;;
RG210266;63;2,7;33;1;0;0;0;0;F;135;135;South;Lake;Lake;1,525;1,548;0,201;1;;;;;;;;;;;;;;;;;;;;;;;;;;;NA;;;;;;;;;;;;;;;;;;;
RG210267;60;1,14;20;1;0;0;0;0;M;135;135;South;Lake;Lake;1,411;1,314;0,155;1;0;6;5;0;0;2;0;2;1;0;0;0;0;0;1;0;0;0;0;1;1;0;0;0;18;0;0,333333333;0,277777778;0;0;0,111111111;0;0,111111111;0,055555556;0;0;0;0;0;0,055555556;0;0;0;0;0,055555556;
RG210268;67;2,29;33;1;1;2;0,16;0;F;135;135;South;Lake;Lake;1,709;1,583;0,197;1;;;;;;;;;;;;;;;;;;;;;;;;;;;NA;;;;;;;;;;;;;;;;;;;
RG210269;61;2;40;1;0;0;0;0;F;135;135;South;Lake;Lake;1,433;1,375;0,259;1;1;0;1;0;0;3;0;0;0;0;0;0;0;0;0;0;0;0;0;0;1;1;0;0;5;0,2;0;0,2;0;0;0,6;0;0;0;0;0;0;0;0;0;0;0;0;0;0;
RG210270;58;1,83;34;1;0;0;0;1;F;135;135;South;Lake;Lake;1,234;0,957;0,122;1;;;;;;;;;;;;;;;;;;;;;;;;;;;NA;;;;;;;;;;;;;;;;;;;
RG210271;53;1,1;23;1;0;0;0;0;M;135;135;South;Lake;Lake;0,9;0,955;0,175;1;0;3;2;0;0;3;0;0;0;0;0;0;0;0;0;0;0;0;0;0;1;0;0;0;8;0;0,375;0,25;0;0;0,375;0;0;0;0;0;0;0;0;0;0;0;0;0;0;
RG210272;65;2,04;29;1;0;0;0;0;F;135;135;South;Lake;Lake;1,345;1,514;0,291;1;1;0;0;0;0;0;0;0;4;0;0;0;0;0;0;0;0;0;0;0;1;0;0;0;5;0,2;0;0;0;0;0;0;0;0,8;0;0;0;0;0;0;0;0;0;0;0;
RG210273;54;1,5;30;1;0;0;0;1;F;135;135;South;Lake;Lake;1,019;1,14;0,144;1;0;0;0;0;0;0;0;0;0;0;0;0;0;0;0;0;0;0;0;0;1;0;0;0;0;0;0;0;0;0;0;0;0;0;0;0;0;0;0;0;0;0;0;0;0;
RG210274;73;3,7;36;1;0;0;0;1;F;135;135;South;Lake;Lake;2,055;1,997;0,276;1;;;;;;;;;;;;;;;;;;;;;;;;;;;NA;;;;;;;;;;;;;;;;;;;
RG210275;61;2,3;32;1;0;0;0;0;M;135;135;South;Lake;Lake;1,599;1,448;0,258;1;1;0;0;1;0;4;0;0;0;0;0;0;0;0;0;0;0;0;0;0;2;0;0;0;6;0,166666667;0;0;0,166666667;0;0,666666667;0;0;0;0;0;0;0;0;0;0;0;0;0;0;
RG210276;51;1,6;40;1;0;0;0;1;F;135;135;South;Lake;Lake;1,055;1,075;0,106;1;;;;;;;;;;;;;;;;;;;;;;;;;;;NA;;;;;;;;;;;;;;;;;;;
RG210277;58;2,1;41;1;0;0;0;1;F;135;135;South;Lake;Lake;1,039;1,26;0,15;;;;;;;;;;;;;;;;;;;;;;;;;;;;NA;;;;;;;;;;;;;;;;;;;
RG210278;53;1,34;24;1;0;0;0;0;M;135;135;South;Lake;Lake;1,393;1,409;0,252;1;0;0;0;0;0;0;0;0;0;0;0;0;0;0;0;0;0;0;0;0;1;0;0;0;0;0;0;0;0;0;0;0;0;0;0;0;0;0;0;0;0;0;0;0;0;
RG210279;61;1,7;32;1;1;1;0,1;0;F;135;135;South;Lake;Lake;1,136;1,145;0,193;1;0;2;6;0;0;0;0;3;0;0;0;0;0;0;1;0;0;0;0;0;1;0;0;0;12;0;0,166666667;0,5;0;0;0;0;0,25;0;0;0;0;0;0;0,083333333;0;0;0;0;0;
RG210281;44;1,61;26;1;0;0;0;0;M;135;135;South;Lake;Lake;1,097;1,125;0,143;1;2;3;0;0;0;1;0;0;0;0;0;0;0;0;0;0;0;0;0;0;0;0;0;0;6;0,333333333;0,5;0;0;0;0,166666667;0;0;0;0;0;0;0;0;0;0;0;0;0;0;
RG210282;61;1,93;36;1;0;0;0;0;M;135;135;South;Lake;Lake;1,441;1,391;0,263;1;;;;;;;;;;;;;;;;;;;;;;;;;;;NA;;;;;;;;;;;;;;;;;;;
RG210284;61;1,82;41;1;0;0;0;0;F;135;135;South;Lake;Lake;1,467;1,347;0,251;1;0;0;4;0;0;0;0;0;1;0;0;0;0;0;2;0;0;0;0;0;2;0;0;0;7;0;0;0,571428571;0;0;0;0;0;0,142857143;0;0;0;0;0;0,285714286;0;0;0;0;0;
RG210285;62;2,26;37;1;0;0;0;0;F;135;135;South;Lake;Lake;1,382;1,505;0,209;1;1;2;2;0;0;5;0;0;0;0;0;0;0;0;0;0;0;0;1;3;1;0;0;0;14;0,071428571;0,142857143;0,142857143;0;0;0,357142857;0;0;0;0;0;0;0;0;0;0;0;0;0,071428571;0,214285714;
RG210286;70;3,75;41;1;0;0;0;1;F;135;135;South;Lake;Lake;1,617;1,828;0,231;1;;;;;;;;;;;;;;;;;;;;;;;;;;;NA;;;;;;;;;;;;;;;;;;;
RG210287;61;1,9;35;1;0;0;0;0;F;135;135;South;Lake;Lake;1,215;1,253;0,17;1;0;0;0;0;0;0;0;0;0;0;0;0;0;0;0;0;0;0;0;0;0;0;0;0;0;0;0;0;0;0;0;0;0;0;0;0;0;0;0;0;0;0;0;0;0;open
RG210288;51;1,37;29;1;0;0;0;0;F;135;135;South;Lake;Lake;1,073;1,136;0,153;1;0;0;0;0;0;0;0;0;0;0;0;1;0;0;0;0;0;0;0;0;1;0;0;0;1;0;0;0;0;0;0;0;0;0;0;0;1;0;0;0;0;0;0;0;0;
RG210289;60;2,03;30;1;1;1;0,29;0;M;135;135;South;Lake;Lake;1,478;1,548;0,251;1;0;10;14;0;0;4;0;0;0;0;0;0;0;0;0;0;0;0;0;0;2;0;0;0;28;0;0,357142857;0,5;0;0;0,142857143;0;0;0;0;0;0;0;0;0;0;0;0;0;0;open
RG210290;43;0,6;18;1;0;0;0;0;F;135;135;South;Lake;Lake;0,799;0,724;0,207;1;3;0;0;0;0;2;0;0;5;2;0;0;0;0;0;0;0;0;0;0;1;0;0;0;12;0,25;0;0;0;0;0,166666667;0;0;0,416666667;0,166666667;0;0;0;0;0;0;0;0;0;0;open
RG210291;42;0,62;20;1;0;0;0;0;F;135;135;South;Lake;Lake;0,713;0,772;0,2;;;;;;;;;;;;;;;;;;;;;;;;;;;;NA;;;;;;;;;;;;;;;;;;;
RG210292;44;0,68;22;1;0;0;0;0;F;135;135;South;Lake;Lake;1,053;0,97;0,166;;0;2;6;0;0;4;0;0;0;0;0;0;0;0;0;0;0;0;0;0;2;0;0;0;12;0;0,166666667;0,5;0;0;0,333333333;0;0;0;0;0;0;0;0;0;0;0;0;0;0;
RG210293;49;1;25;1;0;0;0;0;F;135;135;South;Lake;Lake;1,262;1,314;0,153;1;0;0;0;0;0;0;0;0;0;0;0;0;0;0;0;0;0;1;0;0;1;0;0;0;1;0;0;0;0;0;0;0;0;0;0;0;0;0;0;0;0;0;1;0;0;
RG210294;70;3,6;41;1;0;0;0;1;F;135;135;South;Lake;Lake;1,594;1,567;0,293;1;0;4;3;0;0;0;0;0;0;0;0;0;0;0;0;0;0;0;0;0;2;0;0;0;7;0;0,571428571;0,428571429;0;0;0;0;0;0;0;0;0;0;0;0;0;0;0;0;0;
RG210295;46;0,65;24;1;0;0;0;0;F;135;135;South;Lake;Lake;0,92;1,037;0,162;1;;;;;;;;;;;;;;;;;;;;;;;;;;;NA;;;;;;;;;;;;;;;;;;;
RG210296;49;1,14;17;1;0;0;0;0;F;135;135;South;Lake;Lake;1,485;1,619;0,169;1;0;0;0;0;0;0;0;0;0;0;0;0;0;0;9;0;0;0;0;0;0;0;0;0;9;0;0;0;0;0;0;0;0;0;0;0;0;0;0;1;0;0;0;0;0;
RG210297;48;1;26;1;0;0;0;0;F;135;135;South;Lake;Lake;1,39;1,366;0,221;1;1;0;0;0;0;2;0;0;0;0;0;0;0;0;0;0;0;0;0;0;1;0;0;0;3;0,333333333;0;0;0;0;0,666666667;0;0;0;0;0;0;0;0;0;0;0;0;0;0;
RG210298;38;0,36;19;1;0;0;0;0;F;135;135;South;Lake;Lake;0,964;0,656;0,106;1;0;0;0;0;0;0;0;0;0;0;0;0;0;0;0;0;0;0;0;0;0;0;0;0;0;0;0;0;0;0;0;0;0;0;0;0;0;0;0;0;0;0;0;0;0;
RG210299;45;0,77;21;1;0;0;0;0;F;135;135;South;Lake;Lake;1,053;1,059;0,218;;;;;;;;;;;;;;;;;;;;;;;;;;;;NA;;;;;;;;;;;;;;;;;;;
RG210300;40;0,37;16;1;0;0;0;0;F;135;135;South;Lake;Lake;0,862;0,871;0,123;1;;;;;;;;;;;;;;;;;;;;;;;;;;;NA;;;;;;;;;;;;;;;;;;;
RG210301;62;1,82;30;1;0;0;0;0;M;124;124;North;Lake;Lake;1,657;1,906;0,173;1;0;0;0;0;1;1;1;0;0;0;0;0;0;0;0;0;0;0;0;0;1;0;0;0;3;0;0;0;0;0,333333333;0,333333333;0,333333333;0;0;0;0;0;0;0;0;0;0;0;0;0;
RG210302;52;1,38;31;1;0;0;0;0;F;124;124;North;Lake;Lake;1,406;1,372;0,222;1;0;0;2;0;0;3;0;0;0;0;0;0;0;0;0;0;0;0;0;0;2;0;0;0;5;0;0;0,4;0;0;0,6;0;0;0;0;0;0;0;0;0;0;0;0;0;0;
RG210306;53;1,34;38;1;0;0;0;0;F;124;124;North;Lake;Lake;1,053;1,059;0,187;1;6;0;0;0;0;0;0;0;5;68;0;0;0;0;0;0;10;0;0;0;3;0;0;0;89;0,06741573;0;0;0;0;0;0;0;0,056179775;0,764044944;0;0;0;0;0;0;0,112359551;0;0;0;
RG210307;62;1,75;35;1;0;0;0;0;F;124;124;North;Lake;Lake;1,44;1,55;0,209;1;0;0;0;0;0;2;0;0;0;0;0;0;0;0;0;0;0;0;0;0;1;3;0;0;2;0;0;0;0;0;1;0;0;0;0;0;0;0;0;0;0;0;0;0;0;open
RG210308;70;3,14;45;1;1;6;0,6;0;F;124;124;North;Lake;Lake;1,633;1,478;0,271;1;0;3;0;0;0;1;2;7;7;13;0;0;0;0;318;0;11;0;0;0;1;2;0;0;362;0;0,008287293;0;0;0;0,002762431;0,005524862;0,019337017;0,019337017;0,035911602;0;0;0;0;0,878453039;0;0,03038674;0;0;0;
RG210309;40;0,4;27;1;0;0;0;0;F;124;124;North;Lake;Lake;0,672;0,636;0,107;1;0;4;0;0;0;7;0;0;0;0;0;0;0;0;0;0;0;0;0;0;1;0;0;0;11;0;0,363636364;0;0;0;0,636363636;0;0;0;0;0;0;0;0;0;0;0;0;0;0;
RG210310;61;1,72;39;1;0;0;0;0;F;124;124;North;Lake;Lake;1,461;1,413;0,273;1;;;;;;;;;;;;;;;;;;;;;;;;;;;NA;;;;;;;;;;;;;;;;;;;
RG210311;68;2,37;38;1;0;0;0;0;M;124;124;North;Lake;Lake;2,215;2,272;0,272;1;0;0;0;0;0;0;0;16;0;0;1;0;0;0;48;0;0;0;0;0;2;0;0;0;65;0;0;0;0;0;0;0;0,246153846;0;0;0,015384615;0;0;0;0,738461538;0;0;0;0;0;open
RG210312;65;2;42;1;0;0;0;0;F;124;124;North;Lake;Lake;1,61;1,549;0,243;1;;;;;;;;;;;;;;;;;;;;;;;;;;;NA;;;;;;;;;;;;;;;;;;;
RG210313;55;1,13;34;1;0;0;0;0;F;124;124;North;Lake;Lake;1,343;1,295;0,206;1;;;;;;;;;;;;;;;;;;;;;;;;;;;NA;;;;;;;;;;;;;;;;;;;
RG210314;67;2,47;41;1;0;0;0;0;F;124;124;North;Lake;Lake;1,484;1,335;0,282;1;0;0;0;0;0;1;0;7;89;0;0;0;2;0;185;0;0;0;0;0;3;5;0;0;284;0;0;0;0;0;0,003521127;0;0,024647887;0,313380282;0;0;0;0,007042254;0;0,651408451;0;0;0;0;0;open
RG210315;62;2,05;36;1;0;0;0;0;F;124;124;North;Lake;Lake;1,69;1,709;0,248;1;;;;;;;;;;;;;;;;;;;;;;;;;;;NA;;;;;;;;;;;;;;;;;;;
RG210316;59;1,35;31;1;0;0;0;0;F;124;124;North;Lake;Lake;1,575;1,618;0,19;1;0;0;0;0;0;3;0;0;0;0;0;0;0;0;0;0;0;0;0;0;1;16;0;0;3;0;0;0;0;0;1;0;0;0;0;0;0;0;0;0;0;0;0;0;0;
RG210318;72;3;42;1;0;0;0;0;F;124;124;North;Lake;Lake;1,767;1,848;0,28;;;;;;;;;;;;;;;;;;;;;;;;;;;;NA;;;;;;;;;;;;;;;;;;;
RG210319;44;0,6;20;1;0;0;0;0;M;124;124;North;Lake;Lake;0,996;0,972;0,19;1;;;;;;;;;;;;;;;;;;;;;;;;;;;NA;;;;;;;;;;;;;;;;;;;
RG210320;55;1,31;38;1;0;0;0;0;F;124;124;North;Lake;Lake;1,358;1,288;0,262;1;3;2;3;0;0;0;30;3;40;9;0;0;0;0;43;0;13;0;0;0;2;0;0;0;146;0,020547945;0,01369863;0,020547945;0;0;0;0,205479452;0,020547945;0,273972603;0,061643836;0;0;0;0;0,294520548;0;0,089041096;0;0;0;
RG210321;60;1,64;;1;0;0;0;0;F;124;124;North;Lake;Lake;0,914;1,144;0,241;1;;;;;;;;;;;;;;;;;;;;;;;;;;;NA;;;;;;;;;;;;;;;;;;;
RG210322;46;0,78;20;1;0;0;0;0;M;124;124;North;Lake;Lake;1,104;1,111;0,128;1;1;0;1;0;0;2;0;0;1;0;0;0;0;0;3;2;3;0;0;0;2;0;0;0;13;0,076923077;0;0,076923077;0;0;0,153846154;0;0;0,076923077;0;0;0;0;0;0,230769231;0,153846154;0,230769231;0;0;0;
RG210323;56;1,5;37;1;0;0;0;0;F;124;124;North;Lake;Lake;1,27;1,197;0,223;;;;;;;;;;;;;;;;;;;;;;;;;;;;NA;;;;;;;;;;;;;;;;;;;
RG210325;48;0,77;;1;0;0;0;0;F;124;124;North;Lake;Lake;1,049;1,023;0,153;1;0;0;0;0;0;0;0;0;2;0;0;1;0;0;0;0;0;0;0;6;1;0;0;0;9;0;0;0;0;0;0;0;0;0,222222222;0;0;0,111111111;0;0;0;0;0;0;0;0,666666667;open
RG210326;55;1,43;28;1;0;0;0;1;F;124;124;North;Lake;Lake;1,283;1,301;0,158;1;0;0;0;0;0;1;0;0;2;0;0;0;0;0;0;0;0;0;0;0;1;3;0;0;3;0;0;0;0;0;0,333333333;0;0;0,666666667;0;0;0;0;0;0;0;0;0;0;0;
RG210327;50;0,96;26;1;0;0;0;0;F;124;124;North;Lake;Lake;1,075;1,003;0,121;1;0;0;0;0;0;0;5;29;38;4;0;0;12;0;5;0;0;0;0;0;1;0;0;0;93;0;0;0;0;0;0;0,053763441;0,311827957;0,408602151;0,043010753;0;0;0,129032258;0;0,053763441;0;0;0;0;0;
RG210328;59;1,7;35;1;0;0;0;1;F;124;124;North;Lake;Lake;1,397;1,388;0,164;1;0;0;8;0;1;0;0;6;22;16;0;0;0;0;85;0;0;0;0;0;2;9;18;0;138;0;0;0,057971014;0;0,007246377;0;0;0,043478261;0,15942029;0,115942029;0;0;0;0;0,615942029;0;0;0;0;0;open
RG210329;61;1,9;37;1;0;0;0;0;F;124;124;North;Lake;Lake;1,368;1,335;0,157;;;;;;;;;;;;;;;;;;;;;;;;;;;;NA;;;;;;;;;;;;;;;;;;;
RG210330;65;2,04;37;1;0;0;0;0;F;124;124;North;Lake;Lake;1,589;1,737;0,279;;;;;;;;;;;;;;;;;;;;;;;;;;;;NA;;;;;;;;;;;;;;;;;;;
RG210331;55;1,3;27;1;0;0;0;0;F;124;124;North;Lake;Lake;1,297;1,308;0,274;1;;;;;;;;;;;;;;;;;;;;;;;;;;;NA;;;;;;;;;;;;;;;;;;;
RG210333;59;1,71;36;1;0;0;0;0;M;124;124;North;Lake;Lake;1,73;1,652;0,185;1;0;0;0;0;0;2;0;1;0;0;0;0;0;0;60;0;0;0;0;0;1;0;0;0;63;0;0;0;0;0;0,031746032;0;0,015873016;0;0;0;0;0;0;0,952380952;0;0;0;0;0;
RG210334;63;2;38;1;0;0;0;0;F;124;124;North;Lake;Lake;1,339;1,473;0,174;1;;;;;;;;;;;;;;;;;;;;;;;;;;;NA;;;;;;;;;;;;;;;;;;;
RG210335;57;1,3;37;1;0;0;0;0;F;124;124;North;Lake;Lake;1,112;1,25;0,139;1;1;2;1;0;0;7;0;9;0;6;0;0;0;0;25;0;2;0;0;0;2;11;0;0;53;0,018867925;0,037735849;0,018867925;0;0;0,132075472;0;0,169811321;0;0,113207547;0;0;0;0;0,471698113;0;0,037735849;0;0;0;
RG210336;55;1,3;;1;0;0;0;0;M;124;124;North;Lake;Lake;1,619;1,516;0,154;1;;;;;;;;;;;;;;;;;;;;;;;;;;;NA;;;;;;;;;;;;;;;;;;;
RG210337;59;1,52;25;1;0;0;0;0;F;124;124;North;Lake;Lake;1,057;1,191;0,16;1;0;1;0;0;0;1;2;0;7;0;0;4;0;0;1;0;0;0;0;0;2;0;0;0;16;0;0,0625;0;0;0;0,0625;0,125;0;0,4375;0;0;0,25;0;0;0,0625;0;0;0;0;0;
RG210338;65;1,77;41;1;0;0;0;0;F;124;124;North;Lake;Lake;1,397;1,566;0,262;1;0;0;0;0;0;0;0;26;15;0;0;0;0;0;113;0;0;0;0;0;3;48;0;0;154;0;0;0;0;0;0;0;0,168831169;0,097402597;0;0;0;0;0;0,733766234;0;0;0;0;0;
RG210339;62;1,8;;1;0;0;0;0;F;124;124;North;Lake;Lake;1,178;1,228;0,208;1;;;;;;;;;;;;;;;;;;;;;;;;;;;NA;;;;;;;;;;;;;;;;;;;
RG210340;56;1,6;36;1;0;0;0;0;F;124;124;North;Lake;Lake;0,971;0,971;0,174;1;0;0;2;0;0;0;1;1;5;0;0;3;0;0;5;0;0;0;0;0;2;0;0;0;17;0;0;0,117647059;0;0;0;0,058823529;0,058823529;0,294117647;0;0;0,176470588;0;0;0,294117647;0;0;0;0;0;
RG210341;69;2,3;44;1;0;0;0;0;F;124;124;North;Lake;Lake;1,591;1,675;0,246;1;0;0;3;0;0;5;0;0;0;0;0;0;0;0;0;0;0;0;1;0;2;0;0;0;9;0;0;0,333333333;0;0;0,555555556;0;0;0;0;0;0;0;0;0;0;0;0;0,111111111;0;open
RG210342;51;1,08;32;1;0;0;0;0;F;124;124;North;Lake;Lake;1,011;1,132;0,194;1;;;;;;;;;;;;;;;;;;;;;;;;;;;NA;;;;;;;;;;;;;;;;;;;
RG210343;63;1,75;40;1;0;0;0;0;F;124;124;North;Lake;Lake;1,538;1,431;0,22;1;;;;;;;;;;;;;;;;;;;;;;;;;;;NA;;;;;;;;;;;;;;;;;;;
RG210344;66;2,3;40;1;0;0;0;0;F;124;124;North;Lake;Lake;1,404;1,511;0,235;1;;;;;;;;;;;;;;;;;;;;;;;;;;;NA;;;;;;;;;;;;;;;;;;;
RG210345;38;0,28;15;1;0;0;0;0;M;124;124;North;Lake;Lake;0,766;0,858;0,126;1;;;;;;;;;;;;;;;;;;;;;;;;;;;NA;;;;;;;;;;;;;;;;;;;
RG210346;58;1,42;27;1;0;0;0;0;M;124;124;North;Lake;Lake;1,453;1,309;0,19;1;0;0;0;0;0;0;0;0;0;0;0;0;0;0;44;0;0;0;0;0;1;0;0;0;44;0;0;0;0;0;0;0;0;0;0;0;0;0;0;1;0;0;0;0;0;
RG210347;55;1,41;26;1;0;0;0;0;F;124;124;North;Lake;Lake;0,947;1,019;0,121;1;0;3;1;0;0;3;9;44;246;0;0;0;0;0;38;3;8;0;0;0;3;0;0;0;355;0;0,008450704;0,002816901;0;0;0,008450704;0,025352113;0,123943662;0,692957746;0;0;0;0;0;0,107042254;0,008450704;0,022535211;0;0;0;
RG210348;59;1,58;24;1;0;0;0;0;F;124;124;North;Lake;Lake;1,527;1,475;0,268;1;0;2;0;0;0;2;11;17;0;0;1;0;0;0;2;0;0;0;0;0;2;0;0;0;35;0;0,057142857;0;0;0;0,057142857;0,314285714;0,485714286;0;0;0,028571429;0;0;0;0,057142857;0;0;0;0;0;
RG210349;69;2,5;35;1;0;0;0;0;F;124;124;North;Lake;Lake;1,696;1,718;0,314;1;;;;;;;;;;;;;;;;;;;;;;;;;;;NA;;;;;;;;;;;;;;;;;;;
RG210350;73;3,4;50;1;1;1;0,28;0;F;124;124;North;Lake;Lake;1,627;1,651;0,332;1;;;;;;;;;;;;;;;;;;;;;;;;;;;NA;;;;;;;;;;;;;;;;;;;